strategy,seed,episode,training_return,evaluation_return,success_rate,q_error
epsilon_greedy,0,1,-11.4,-11.307500000000001,0.0,9.862146703285404
epsilon_greedy,0,25,-15.499999999999996,-10.802499999999982,0.0,9.862146703285404
epsilon_greedy,0,50,-14.3,-12.982499999999993,0.05,9.84206987889427
epsilon_greedy,0,75,6.1999999999999975,-8.16249999999999,0.25,9.228647488990388
epsilon_greedy,0,100,8.2,0.5200000000000001,0.575,9.228647488990388
epsilon_greedy,0,125,-16.199999999999996,-12.854999999999993,0.025,9.228647488990388
epsilon_greedy,0,150,-10.7,-9.597499999999993,0.125,9.228647488990388
epsilon_greedy,0,175,8.299999999999999,4.68,0.8,9.228647488990388
epsilon_greedy,0,200,-10.3,6.279999999999999,0.875,9.228647488990388
epsilon_greedy,0,225,-10.6,7.925,0.95,9.228647488990388
epsilon_greedy,0,250,9.1,7.989999999999999,0.95,9.228647488990388
epsilon_greedy,0,275,9.0,6.325,0.875,9.228647488990388
epsilon_greedy,0,300,9.0,7.0200000000000005,0.9,9.228647488990388
epsilon_greedy,0,325,9.0,6.907499999999999,0.9,9.228647488990388
epsilon_greedy,0,350,8.8,7.4475,0.925,9.228647488990388
epsilon_greedy,0,375,9.1,6.995,0.9,9.228647488990388
epsilon_greedy,0,400,8.6,7.897499999999999,0.95,9.228647488990388
epsilon_greedy,0,425,8.4,8.395,0.975,9.228647488990388
epsilon_greedy,0,450,8.8,6.865,0.9,9.228647488990388
epsilon_greedy,0,475,7.8999999999999995,-4.042499999999999,0.45,9.228647488990388
epsilon_greedy,0,500,8.9,7.3575,0.925,9.228647488990388
epsilon_greedy,0,525,8.8,6.915000000000001,0.9,9.228647488990388
epsilon_greedy,0,550,-10.6,7.4325,0.925,9.228647488990388
epsilon_greedy,0,575,8.7,6.905000000000001,0.9,9.228647488990388
epsilon_greedy,0,600,8.299999999999999,4.4875,0.775,9.228647488990388
epsilon_greedy,0,625,8.8,6.032500000000001,0.85,9.228647488990388
epsilon_greedy,0,650,9.0,6.402499999999999,0.875,9.228647488990388
epsilon_greedy,0,675,8.0,8.34,0.975,9.228647488990388
epsilon_greedy,0,700,8.7,7.44,0.925,9.228647488990388
epsilon_greedy,0,725,8.7,7.935,0.95,9.228647488990388
epsilon_greedy,0,750,-10.6,6.935,0.9,9.228647488990388
epsilon_greedy,0,775,-11.3,7.965000000000001,0.95,9.228647488990388
epsilon_greedy,0,800,9.1,8.459999999999999,0.975,9.228647488990388
epsilon_greedy,0,825,9.1,6.9,0.9,9.228647488990388
epsilon_greedy,0,850,8.299999999999999,6.9125,0.9,9.228647488990388
epsilon_greedy,0,875,8.8,8.367500000000001,0.975,9.228647488990388
epsilon_greedy,0,900,9.0,6.460000000000001,0.875,9.228647488990388
epsilon_greedy,0,925,8.7,7.9325,0.95,9.228647488990388
epsilon_greedy,0,950,8.1,7.9425,0.95,9.228647488990388
epsilon_greedy,0,975,8.0,6.9475,0.9,9.228647488990388
epsilon_greedy,0,1000,-10.7,-0.28499999999999387,0.65,9.228647488990388
epsilon_greedy,0,1025,9.0,7.467499999999999,0.925,9.228647488990388
epsilon_greedy,0,1050,8.299999999999999,7.470000000000001,0.925,9.228647488990388
epsilon_greedy,0,1075,8.6,6.4475,0.875,9.228647488990388
epsilon_greedy,0,1100,-10.3,6.2075000000000005,0.875,9.228647488990388
epsilon_greedy,0,1125,8.7,7.527500000000001,0.925,9.228647488990388
epsilon_greedy,0,1150,9.1,8.95,1.0,9.228647488990388
epsilon_greedy,0,1175,9.0,6.847499999999999,0.9,9.228647488990388
epsilon_greedy,0,1200,9.0,5.955,0.85,9.228647488990388
epsilon_greedy,0,1225,8.8,6.529999999999999,0.875,9.228647488990388
epsilon_greedy,0,1250,8.9,8.01,0.95,9.228647488990388
epsilon_greedy,0,1275,-10.9,-9.682499999999997,0.175,9.228647488990388
epsilon_greedy,0,1300,9.0,6.9475,0.9,9.228647488990388
epsilon_greedy,0,1325,9.1,6.489999999999999,0.875,9.228647488990388
epsilon_greedy,0,1350,7.8999999999999995,-7.469999999999996,0.25,9.228647488990388
epsilon_greedy,0,1375,8.4,7.407499999999999,0.925,9.228647488990388
epsilon_greedy,0,1400,6.699999999999998,3.675000000000003,0.85,9.228647488990388
epsilon_greedy,0,1425,8.9,4.5200000000000005,0.775,9.228647488990388
epsilon_greedy,0,1450,-10.3,6.49,0.875,9.228647488990388
epsilon_greedy,0,1475,-11.700000000000001,6.965000000000001,0.9,9.228647488990388
epsilon_greedy,0,1500,-10.9,7.8775,0.95,9.228647488990388
epsilon_greedy,1,1,-10.9,-11.0775,0.0,9.862146703285404
epsilon_greedy,1,25,-11.6,-11.874999999999996,0.05,9.862146703285404
epsilon_greedy,1,50,8.8,-6.804999999999998,0.275,9.228647488990388
epsilon_greedy,1,75,8.2,-10.847499999999993,0.15,9.103313680474763
epsilon_greedy,1,100,9.0,1.6650000000000016,0.75,9.103313680474763
epsilon_greedy,1,125,8.8,4.545,0.775,9.28239528713617
epsilon_greedy,1,150,9.1,6.034999999999999,0.85,9.28239528713617
epsilon_greedy,1,175,8.7,7.027500000000001,0.9,9.28239528713617
epsilon_greedy,1,200,8.8,5.05,0.8,9.28239528713617
epsilon_greedy,1,225,8.8,5.0225,0.8,9.28239528713617
epsilon_greedy,1,250,9.1,6.435,0.875,9.28239528713617
epsilon_greedy,1,275,8.9,6.5375,0.875,9.28239528713617
epsilon_greedy,1,300,-11.2,6.9875,0.9,9.28239528713617
epsilon_greedy,1,325,8.7,5.0,0.8,9.28239528713617
epsilon_greedy,1,350,-10.3,7.4625,0.925,9.28239528713617
epsilon_greedy,1,375,9.1,7.51,0.925,9.28239528713617
epsilon_greedy,1,400,-11.1,5.4125,0.825,9.28239528713617
epsilon_greedy,1,425,-10.9,7.530000000000001,0.925,9.28239528713617
epsilon_greedy,1,450,-10.9,7.480000000000001,0.925,9.28239528713617
epsilon_greedy,1,475,9.0,7.945,0.95,9.28239528713617
epsilon_greedy,1,500,9.1,6.0625,0.85,9.28239528713617
epsilon_greedy,1,525,8.8,6.0375,0.85,9.28239528713617
epsilon_greedy,1,550,8.9,8.4175,0.975,9.28239528713617
epsilon_greedy,1,575,9.1,6.029999999999999,0.85,9.39152593039607
epsilon_greedy,1,600,8.9,5.492500000000001,0.825,9.39152593039607
epsilon_greedy,1,625,8.8,6.0275,0.85,9.39152593039607
epsilon_greedy,1,650,-13.100000000000001,-10.204999999999988,0.15,9.39152593039607
epsilon_greedy,1,675,-10.7,6.4975000000000005,0.875,9.39152593039607
epsilon_greedy,1,700,8.8,7.4125,0.925,9.39152593039607
epsilon_greedy,1,725,-18.399999999999984,-12.637499999999989,0.0,9.39152593039607
epsilon_greedy,1,750,7.199999999999999,-1.934999999999993,0.55,9.39152593039607
epsilon_greedy,1,775,4.700000000000003,-6.529999999999987,0.325,9.39152593039607
epsilon_greedy,1,800,8.7,6.5200000000000005,0.875,9.39152593039607
epsilon_greedy,1,825,-11.0,7.9475,0.95,9.39152593039607
epsilon_greedy,1,850,8.7,6.3100000000000005,0.875,9.39152593039607
epsilon_greedy,1,875,9.1,5.494999999999999,0.825,9.39152593039607
epsilon_greedy,1,900,9.0,8.492500000000001,0.975,9.39152593039607
epsilon_greedy,1,925,8.9,7.0424999999999995,0.9,9.39152593039607
epsilon_greedy,1,950,9.1,6.475,0.875,9.39152593039607
epsilon_greedy,1,975,8.9,8.492500000000001,0.975,9.506882261892276
epsilon_greedy,1,1000,8.8,7.51,0.925,9.506882261892276
epsilon_greedy,1,1025,8.9,7.515000000000001,0.925,9.506882261892276
epsilon_greedy,1,1050,9.1,7.015000000000001,0.9,9.506882261892276
epsilon_greedy,1,1075,-11.3,7.479999999999999,0.925,9.506882261892276
epsilon_greedy,1,1100,9.1,7.975,0.95,9.506882261892276
epsilon_greedy,1,1125,9.0,8.9475,1.0,9.506882261892276
epsilon_greedy,1,1150,9.0,7.4475,0.925,9.506882261892276
epsilon_greedy,1,1175,9.1,7.525,0.925,9.506882261892276
epsilon_greedy,1,1200,8.9,7.4449999999999985,0.925,9.506882261892276
epsilon_greedy,1,1225,8.9,4.5975,0.775,9.506882261892276
epsilon_greedy,1,1250,9.0,6.902500000000001,0.9,9.506882261892276
epsilon_greedy,1,1275,-10.8,-4.802499999999997,0.45,9.506882261892276
epsilon_greedy,1,1300,8.4,4.589999999999999,0.825,9.506882261892276
epsilon_greedy,1,1325,8.5,2.0125000000000046,0.775,9.506882261892276
epsilon_greedy,1,1350,9.0,3.3875,0.725,9.506882261892276
epsilon_greedy,1,1375,8.6,6.965000000000001,0.9,9.506882261892276
epsilon_greedy,1,1400,8.8,7.4125,0.925,9.506882261892276
epsilon_greedy,1,1425,-9.99999999999998,-10.682499999999983,0.0,9.506882261892276
epsilon_greedy,1,1450,7.199999999999999,-7.722499999999982,0.175,9.506882261892276
epsilon_greedy,1,1475,8.8,7.4449999999999985,0.925,9.506882261892276
epsilon_greedy,1,1500,8.9,6.545,0.875,9.506882261892276
epsilon_greedy,2,1,-11.0,-11.405,0.0,9.862146703285404
epsilon_greedy,2,25,-10.9,-10.909999999999986,0.025,10.01588528934501
epsilon_greedy,2,50,-13.100000000000001,-10.894999999999982,0.0,9.264189508769524
epsilon_greedy,2,75,8.1,-10.512499999999982,0.0,9.264189508769524
epsilon_greedy,2,100,-10.5,-7.9475,0.225,9.264189508769524
epsilon_greedy,2,125,9.0,1.985,0.65,9.264189508769524
epsilon_greedy,2,150,-10.3,3.3850000000000016,0.725,9.264189508769524
epsilon_greedy,2,175,9.1,0.6824999999999999,0.575,9.264189508769524
epsilon_greedy,2,200,9.1,4.115,0.75,9.264189508769524
epsilon_greedy,2,225,-10.7,5.092499999999999,0.8,9.264189508769524
epsilon_greedy,2,250,-10.5,-5.5399999999999965,0.375,9.264189508769524
epsilon_greedy,2,275,9.1,5.0625,0.8,9.264189508769524
epsilon_greedy,2,300,8.7,4.09,0.75,9.264189508769524
epsilon_greedy,2,325,8.8,2.5925000000000002,0.675,9.264189508769524
epsilon_greedy,2,350,-10.8,7.027500000000001,0.9,9.264189508769524
epsilon_greedy,2,375,-10.6,1.0975,0.6,9.264189508769524
epsilon_greedy,2,400,8.9,2.1574999999999998,0.65,9.264189508769524
epsilon_greedy,2,425,8.8,2.532500000000002,0.8,9.264189508769524
epsilon_greedy,2,450,-10.9,5.0525,0.8,9.264189508769524
epsilon_greedy,2,475,9.1,4.6275,0.775,9.264189508769524
epsilon_greedy,2,500,9.1,6.0525,0.85,9.264189508769524
epsilon_greedy,2,525,8.5,6.0125,0.85,9.264189508769524
epsilon_greedy,2,550,8.9,2.6350000000000002,0.675,9.264189508769524
epsilon_greedy,2,575,-9.99999999999998,-12.274999999999988,0.0,9.264189508769524
epsilon_greedy,2,600,8.2,4.5649999999999995,0.775,9.264189508769524
epsilon_greedy,2,625,-10.6,3.6100000000000003,0.725,9.264189508769524
epsilon_greedy,2,650,-10.6,-12.809999999999997,0.0,9.264189508769524
epsilon_greedy,2,675,-15.499999999999996,-10.429999999999982,0.0,9.264189508769524
epsilon_greedy,2,700,8.9,1.535000000000003,0.775,9.264189508769524
epsilon_greedy,2,725,-11.1,2.3525,0.675,9.264189508769524
epsilon_greedy,2,750,8.9,3.4500000000000006,0.725,9.264189508769524
epsilon_greedy,2,775,8.8,4.015,0.75,9.264189508769524
epsilon_greedy,2,800,-13.3,-3.660000000000001,0.4,9.264189508769524
epsilon_greedy,2,825,5.200000000000001,-9.322499999999987,0.2,9.264189508769524
epsilon_greedy,2,850,-11.1,3.9175000000000004,0.75,9.264189508769524
epsilon_greedy,2,875,-10.6,2.9,0.7,9.264189508769524
epsilon_greedy,2,900,9.0,2.02,0.65,8.134198335976881
epsilon_greedy,2,925,8.9,5.995,0.85,8.134198335976881
epsilon_greedy,2,950,9.1,4.527500000000001,0.775,8.134198335976881
epsilon_greedy,2,975,8.299999999999999,5.9799999999999995,0.85,8.134198335976881
epsilon_greedy,2,1000,-11.2,-11.104999999999988,0.075,8.134198335976881
epsilon_greedy,2,1025,8.2,-10.029999999999983,0.025,8.134198335976881
epsilon_greedy,2,1050,8.5,1.9475000000000002,0.65,8.134198335976881
epsilon_greedy,2,1075,8.6,3.8075,0.75,8.134198335976881
epsilon_greedy,2,1100,-10.8,1.8850000000000002,0.65,8.035770274651778
epsilon_greedy,2,1125,-10.4,-4.074999999999997,0.475,8.035770274651778
epsilon_greedy,2,1150,-11.0,5.047499999999999,0.8,8.035770274651778
epsilon_greedy,2,1175,-10.4,-11.847499999999997,0.075,8.035770274651778
epsilon_greedy,2,1200,8.6,3.9450000000000003,0.75,8.035770274651778
epsilon_greedy,2,1225,-10.3,5.9875,0.85,8.035770274651778
epsilon_greedy,2,1250,-10.6,6.005,0.85,8.035770274651778
epsilon_greedy,2,1275,8.9,4.527500000000001,0.775,8.035770274651778
epsilon_greedy,2,1300,-11.6,5.0200000000000005,0.8,8.035770274651778
epsilon_greedy,2,1325,8.9,4.515000000000001,0.775,8.035770274651778
epsilon_greedy,2,1350,-10.5,3.9850000000000003,0.75,8.035770274651778
epsilon_greedy,2,1375,-11.2,6.4975,0.875,8.035770274651778
epsilon_greedy,2,1400,-10.4,5.960000000000001,0.85,8.035770274651778
epsilon_greedy,2,1425,9.0,4.4475,0.775,8.035770274651778
epsilon_greedy,2,1450,9.1,5.5025,0.825,8.035770274651778
epsilon_greedy,2,1475,-13.500000000000002,-4.3875,0.375,8.035770274651778
epsilon_greedy,2,1500,9.1,-0.37749999999999806,0.65,8.035770274651778
epsilon_greedy,3,1,-10.7,-13.029999999999996,0.025,9.862146703285404
epsilon_greedy,3,25,-14.200000000000001,-12.852499999999987,0.0,9.862146703285404
epsilon_greedy,3,50,-11.5,-12.494999999999992,0.0,9.228647488990388
epsilon_greedy,3,75,-11.4,-13.619999999999994,0.025,10.349893763128286
epsilon_greedy,3,100,-15.599999999999996,-12.819999999999988,0.025,10.349893763128286
epsilon_greedy,3,125,-15.999999999999995,-10.374999999999982,0.0,10.349893763128286
epsilon_greedy,3,150,-10.9,-9.352500000000001,0.125,10.349893763128286
epsilon_greedy,3,175,-13.200000000000001,-10.4,0.125,10.349893763128286
epsilon_greedy,3,200,8.9,6.45,0.875,10.349893763128286
epsilon_greedy,3,225,9.1,6.205,0.875,10.349893763128286
epsilon_greedy,3,250,8.8,6.807500000000002,0.9,10.349893763128286
epsilon_greedy,3,275,8.9,7.402500000000001,0.925,10.349893763128286
epsilon_greedy,3,300,9.1,6.9975,0.9,10.349893763128286
epsilon_greedy,3,325,-10.3,7.4575000000000005,0.925,10.349893763128286
epsilon_greedy,3,350,9.0,7.017500000000001,0.9,10.349893763128286
epsilon_greedy,3,375,8.7,6.4575000000000005,0.875,9.289697657816008
epsilon_greedy,3,400,8.9,7.4875,0.925,9.289697657816008
epsilon_greedy,3,425,8.9,7.015000000000001,0.9,9.289697657816008
epsilon_greedy,3,450,-10.4,7.51,0.925,9.289697657816008
epsilon_greedy,3,475,-10.3,6.977500000000001,0.9,9.289697657816008
epsilon_greedy,3,500,8.299999999999999,6.945,0.9,9.289697657816008
epsilon_greedy,3,525,8.6,7.969999999999999,0.95,9.289697657816008
epsilon_greedy,3,550,-9.99999999999998,-10.214999999999982,0.0,9.289697657816008
epsilon_greedy,3,575,8.8,7.975,0.95,9.289697657816008
epsilon_greedy,3,600,8.7,7.967500000000001,0.95,9.289697657816008
epsilon_greedy,3,625,7.8999999999999995,4.235000000000002,0.9,9.289697657816008
epsilon_greedy,3,650,8.6,8.4375,0.975,9.289697657816008
epsilon_greedy,3,675,-10.9,5.5424999999999995,0.825,9.289697657816008
epsilon_greedy,3,700,8.6,5.137500000000001,0.925,9.289697657816008
epsilon_greedy,3,725,8.4,6.9425,0.9,9.289697657816008
epsilon_greedy,3,750,4.200000000000005,-5.562499999999984,0.35,9.289697657816008
epsilon_greedy,3,775,9.1,7.869999999999999,0.95,9.289697657816008
epsilon_greedy,3,800,8.5,6.3575,0.875,9.289697657816008
epsilon_greedy,3,825,8.7,7.984999999999999,0.95,9.289697657816008
epsilon_greedy,3,850,8.7,7.907499999999999,0.95,9.289697657816008
epsilon_greedy,3,875,-10.7,-5.347499999999999,0.35,9.289697657816008
epsilon_greedy,3,900,8.7,7.415000000000001,0.925,9.289697657816008
epsilon_greedy,3,925,9.1,6.922500000000001,0.9,9.289697657816008
epsilon_greedy,3,950,8.7,7.405000000000001,0.925,9.289697657816008
epsilon_greedy,3,975,9.1,5.907500000000001,0.85,9.289697657816008
epsilon_greedy,3,1000,8.299999999999999,-1.1449999999999936,0.6,9.289697657816008
epsilon_greedy,3,1025,8.9,8.877500000000001,1.0,9.289697657816008
epsilon_greedy,3,1050,-10.2,6.8725,0.9,9.289697657816008
epsilon_greedy,3,1075,8.2,7.4625,0.925,9.289697657816008
epsilon_greedy,3,1100,9.0,8.4175,0.975,9.289697657816008
epsilon_greedy,3,1125,9.0,7.4275,0.925,9.289697657816008
epsilon_greedy,3,1150,9.1,7.945,0.95,9.289697657816008
epsilon_greedy,3,1175,8.9,7.467499999999999,0.925,9.289697657816008
epsilon_greedy,3,1200,-11.8,-4.919999999999993,0.375,9.289697657816008
epsilon_greedy,3,1225,-12.900000000000002,-5.002499999999998,0.4,9.289697657816008
epsilon_greedy,3,1250,-12.3,8.85,1.0,9.289697657816008
epsilon_greedy,3,1275,8.299999999999999,7.0699999999999985,0.9,9.289697657816008
epsilon_greedy,3,1300,8.7,8.0,0.95,9.289697657816008
epsilon_greedy,3,1325,8.299999999999999,6.0325,0.85,9.289697657816008
epsilon_greedy,3,1350,-10.3,5.549999999999999,0.825,9.289697657816008
epsilon_greedy,3,1375,-9.99999999999998,-11.154999999999983,0.0,9.289697657816008
epsilon_greedy,3,1400,-11.6,5.3025,0.9,9.289697657816008
epsilon_greedy,3,1425,9.1,6.8175,0.9,9.289697657816008
epsilon_greedy,3,1450,8.7,6.4875,0.875,9.289697657816008
epsilon_greedy,3,1475,8.4,6.445,0.875,9.289697657816008
epsilon_greedy,3,1500,8.0,-2.174999999999991,0.55,9.289697657816008
epsilon_greedy,4,1,-11.8,-11.795,0.0,9.862146703285404
epsilon_greedy,4,25,-13.500000000000002,-10.16249999999998,0.0,9.862146703285404
epsilon_greedy,4,50,-13.100000000000001,-10.682499999999994,0.075,9.228647488990388
epsilon_greedy,4,75,8.0,-12.947499999999996,0.0,9.228647488990388
epsilon_greedy,4,100,-10.9,-6.014999999999995,0.375,9.228647488990388
epsilon_greedy,4,125,-12.0,6.475,0.875,9.228647488990388
epsilon_greedy,4,150,-10.2,-8.012499999999985,0.2,9.228647488990388
epsilon_greedy,4,175,9.1,3.1250000000000004,0.7,9.228647488990388
epsilon_greedy,4,200,-11.5,5.075,0.8,9.228647488990388
epsilon_greedy,4,225,8.7,4.9625,0.8,9.228647488990388
epsilon_greedy,4,250,-10.3,5.1275,0.8,9.228647488990388
epsilon_greedy,4,275,-9.99999999999998,-10.12749999999998,0.0,9.228647488990388
epsilon_greedy,4,300,8.9,4.5825,0.775,9.228647488990388
epsilon_greedy,4,325,-11.1,3.56,0.725,8.533499063669737
epsilon_greedy,4,350,8.8,-1.985,0.5,8.533499063669737
epsilon_greedy,4,375,8.5,-7.1849999999999925,0.325,8.533499063669737
epsilon_greedy,4,400,8.7,5.045,0.8,8.173411299352754
epsilon_greedy,4,425,9.0,6.477500000000001,0.875,7.8452313956034825
epsilon_greedy,4,450,8.1,3.0675,0.7,7.8452313956034825
epsilon_greedy,4,475,-10.9,5.1325,0.8,7.8452313956034825
epsilon_greedy,4,500,-10.7,6.5424999999999995,0.875,7.8452313956034825
epsilon_greedy,4,525,9.1,5.535,0.825,7.815675002111513
epsilon_greedy,4,550,9.1,7.982499999999999,0.95,7.815675002111513
epsilon_greedy,4,575,8.5,6.029999999999999,0.85,7.815675002111513
epsilon_greedy,4,600,8.7,5.545,0.825,7.815675002111513
epsilon_greedy,4,625,8.9,6.465000000000001,0.875,7.815675002111513
epsilon_greedy,4,650,-11.6,-12.977499999999997,0.0,7.815675002111513
epsilon_greedy,4,675,-11.0,-2.829999999999994,0.55,7.815675002111513
epsilon_greedy,4,700,8.6,5.1125,0.8,7.815675002111513
epsilon_greedy,4,725,-14.7,-11.884999999999994,0.025,7.815675002111513
epsilon_greedy,4,750,-10.6,5.04,0.8,7.815675002111513
epsilon_greedy,4,775,9.1,6.525,0.875,7.815675002111513
epsilon_greedy,4,800,8.7,4.567500000000001,0.775,7.815675002111513
epsilon_greedy,4,825,8.6,6.4925,0.875,7.815675002111513
epsilon_greedy,4,850,9.1,6.527500000000001,0.875,7.815675002111513
epsilon_greedy,4,875,-9.99999999999998,-10.874999999999984,0.075,7.815675002111513
epsilon_greedy,4,900,8.9,6.4975000000000005,0.875,7.815675002111513
epsilon_greedy,4,925,-10.6,3.0375,0.7,7.815675002111513
epsilon_greedy,4,950,9.1,6.542500000000001,0.875,7.815675002111513
epsilon_greedy,4,975,8.9,5.540000000000001,0.825,7.815675002111513
epsilon_greedy,4,1000,8.7,4.53,0.775,7.815675002111513
epsilon_greedy,4,1025,-12.5,-10.347499999999993,0.15,7.815675002111513
epsilon_greedy,4,1050,-12.0,0.08500000000000218,0.65,7.815675002111513
epsilon_greedy,4,1075,9.0,2.0925000000000002,0.65,7.815675002111513
epsilon_greedy,4,1100,8.6,5.5625,0.825,7.815675002111513
epsilon_greedy,4,1125,6.899999999999999,-5.379999999999999,0.375,7.815675002111513
epsilon_greedy,4,1150,-10.2,5.9875,0.85,7.815675002111513
epsilon_greedy,4,1175,-10.7,5.5024999999999995,0.825,7.815675002111513
epsilon_greedy,4,1200,-10.4,6.4475,0.875,7.815675002111513
epsilon_greedy,4,1225,-11.3,-1.902499999999995,0.6,7.815675002111513
epsilon_greedy,4,1250,8.9,6.984999999999999,0.9,7.815675002111513
epsilon_greedy,4,1275,9.1,6.047500000000001,0.85,7.815675002111513
epsilon_greedy,4,1300,8.7,5.99,0.85,7.815675002111513
epsilon_greedy,4,1325,8.6,-4.5200000000000005,0.375,7.815675002111513
epsilon_greedy,4,1350,-11.1,-1.205,0.525,7.815675002111513
epsilon_greedy,4,1375,9.0,7.494999999999999,0.925,7.815675002111513
epsilon_greedy,4,1400,9.1,6.565,0.875,7.815675002111513
epsilon_greedy,4,1425,8.5,5.0725,0.8,7.815675002111513
epsilon_greedy,4,1450,8.1,-11.277499999999995,0.1,7.815675002111513
epsilon_greedy,4,1475,9.1,6.022500000000001,0.85,7.815675002111513
epsilon_greedy,4,1500,9.1,6.51,0.875,7.815675002111513
epsilon_greedy,5,1,-10.5,-11.0975,0.0,9.862146703285404
epsilon_greedy,5,25,-11.4,-12.804999999999989,0.0,9.862146703285404
epsilon_greedy,5,50,-15.999999999999995,-12.444999999999995,0.05,9.228647488990388
epsilon_greedy,5,75,8.6,4.5125,0.85,9.228647488990388
epsilon_greedy,5,100,5.5,-6.527499999999991,0.35,9.228647488990388
epsilon_greedy,5,125,8.9,5.0600000000000005,0.8,9.228647488990388
epsilon_greedy,5,150,-10.8,5.5175,0.825,9.228647488990388
epsilon_greedy,5,175,8.7,6.0,0.85,9.228647488990388
epsilon_greedy,5,200,9.1,6.0725,0.85,9.228647488990388
epsilon_greedy,5,225,8.9,-0.10749999999999504,0.65,9.228647488990388
epsilon_greedy,5,250,-10.5,6.4825,0.875,9.228647488990388
epsilon_greedy,5,275,-10.3,4.567500000000001,0.775,9.228647488990388
epsilon_greedy,5,300,-10.3,4.51,0.775,9.228647488990388
epsilon_greedy,5,325,8.299999999999999,-4.0024999999999995,0.4,9.228647488990388
epsilon_greedy,5,350,-13.800000000000002,-10.192499999999981,0.0,9.228647488990388
epsilon_greedy,5,375,-10.9,6.397499999999999,0.875,9.228647488990388
epsilon_greedy,5,400,-10.5,5.467499999999999,0.825,9.228647488990388
epsilon_greedy,5,425,8.9,5.515,0.825,9.228647488990388
epsilon_greedy,5,450,8.5,5.0525,0.8,9.228647488990388
epsilon_greedy,5,475,-12.5,-6.9049999999999985,0.3,8.586557208496087
epsilon_greedy,5,500,8.9,6.952500000000001,0.9,8.586557208496087
epsilon_greedy,5,525,8.9,6.382500000000001,0.875,8.586557208496087
epsilon_greedy,5,550,9.1,6.909999999999999,0.9,8.586557208496087
epsilon_greedy,5,575,9.0,6.994999999999999,0.9,8.586557208496087
epsilon_greedy,5,600,8.4,6.375,0.875,8.586557208496087
epsilon_greedy,5,625,9.0,6.859999999999999,0.9,8.586557208496087
epsilon_greedy,5,650,9.1,7.475,0.925,8.586557208496087
epsilon_greedy,5,675,9.1,6.99,0.9,8.586557208496087
epsilon_greedy,5,700,-10.8,7.4275,0.925,8.545734772831075
epsilon_greedy,5,725,9.0,7.952500000000001,0.95,8.545734772831075
epsilon_greedy,5,750,-10.3,7.9,0.95,8.545734772831075
epsilon_greedy,5,775,9.1,7.005,0.9,8.545734772831075
epsilon_greedy,5,800,-10.5,7.885,0.95,8.545734772831075
epsilon_greedy,5,825,-10.4,-2.4349999999999956,0.55,8.545734772831075
epsilon_greedy,5,850,8.299999999999999,7.4799999999999995,0.925,7.891972667527602
epsilon_greedy,5,875,-10.8,-2.8050000000000006,0.475,7.891972667527602
epsilon_greedy,5,900,8.9,6.9625,0.9,7.891972667527602
epsilon_greedy,5,925,8.9,6.425,0.875,7.891972667527602
epsilon_greedy,5,950,3.500000000000007,-10.517499999999982,0.025,7.891972667527602
epsilon_greedy,5,975,8.7,-5.382499999999993,0.425,7.891972667527602
epsilon_greedy,5,1000,8.7,7.484999999999999,0.925,7.891972667527602
epsilon_greedy,5,1025,-11.4,5.5600000000000005,0.825,7.891972667527602
epsilon_greedy,5,1050,8.7,7.985000000000001,0.95,7.891972667527602
epsilon_greedy,5,1075,8.7,5.842499999999999,0.85,7.891972667527602
epsilon_greedy,5,1100,-11.1,6.8775,0.9,7.891972667527602
epsilon_greedy,5,1125,-11.700000000000001,5.5125,0.825,7.681748268139524
epsilon_greedy,5,1150,-11.2,7.470000000000001,0.925,7.681748268139524
epsilon_greedy,5,1175,9.1,6.4975,0.875,7.681748268139524
epsilon_greedy,5,1200,8.8,7.4425,0.925,7.681748268139524
epsilon_greedy,5,1225,8.9,6.522499999999999,0.875,7.681748268139524
epsilon_greedy,5,1250,8.9,8.857499999999998,1.0,7.453918897812105
epsilon_greedy,5,1275,9.1,6.959999999999999,0.9,7.453918897812105
epsilon_greedy,5,1300,8.4,7.005,0.9,7.453918897812105
epsilon_greedy,5,1325,7.8999999999999995,-1.5900000000000007,0.525,7.453918897812105
epsilon_greedy,5,1350,9.1,6.972499999999999,0.9,7.453918897812105
epsilon_greedy,5,1375,8.4,7.967500000000001,0.95,7.453918897812105
epsilon_greedy,5,1400,9.0,4.092500000000003,0.9,7.453918897812105
epsilon_greedy,5,1425,-14.4,-10.469999999999985,0.05,7.424827188784425
epsilon_greedy,5,1450,8.7,5.5625,0.825,7.424827188784425
epsilon_greedy,5,1475,-10.3,6.484999999999999,0.875,7.424827188784425
epsilon_greedy,5,1500,9.1,7.447500000000001,0.925,7.424827188784425
epsilon_greedy,6,1,-11.4,-12.669999999999998,0.0,9.862146703285404
epsilon_greedy,6,25,-11.5,-12.217499999999987,0.025,9.862146703285404
epsilon_greedy,6,50,-11.0,-11.434999999999992,0.1,9.228647488990388
epsilon_greedy,6,75,9.0,-8.494999999999994,0.225,9.207040745850554
epsilon_greedy,6,100,-10.8,-12.614999999999984,0.025,8.824353245850553
epsilon_greedy,6,125,8.8,7.275,0.925,8.824353245850553
epsilon_greedy,6,150,8.4,8.86,1.0,8.573484772831074
epsilon_greedy,6,175,8.4,6.945,0.9,8.573484772831074
epsilon_greedy,6,200,-11.2,5.977500000000001,0.85,8.573484772831074
epsilon_greedy,6,225,8.0,7.4575000000000005,0.925,8.573484772831074
epsilon_greedy,6,250,7.8999999999999995,8.9575,1.0,8.573484772831074
epsilon_greedy,6,275,8.9,7.455000000000001,0.925,8.573484772831074
epsilon_greedy,6,300,9.1,7.475,0.925,8.573484772831074
epsilon_greedy,6,325,9.1,6.49,0.875,8.573484772831074
epsilon_greedy,6,350,8.7,7.959999999999999,0.95,8.573484772831074
epsilon_greedy,6,375,8.5,8.3675,0.975,8.573484772831074
epsilon_greedy,6,400,-11.8,8.455,0.975,8.573484772831074
epsilon_greedy,6,425,8.9,6.922500000000001,0.9,8.573484772831074
epsilon_greedy,6,450,8.4,6.915000000000001,0.9,8.573484772831074
epsilon_greedy,6,475,8.299999999999999,7.405000000000001,0.925,8.573484772831074
epsilon_greedy,6,500,8.7,6.917500000000001,0.9,8.573484772831074
epsilon_greedy,6,525,-11.2,8.442499999999999,0.975,8.573484772831074
epsilon_greedy,6,550,8.7,7.9799999999999995,0.95,8.573484772831074
epsilon_greedy,6,575,8.8,7.9325,0.95,8.573484772831074
epsilon_greedy,6,600,7.8999999999999995,7.519999999999999,0.925,8.573484772831074
epsilon_greedy,6,625,8.6,6.9575000000000005,0.9,8.573484772831074
epsilon_greedy,6,650,-11.8,7.92,0.95,8.573484772831074
epsilon_greedy,6,675,8.9,7.909999999999999,0.95,8.573484772831074
epsilon_greedy,6,700,8.4,4.380000000000003,0.875,8.573484772831074
epsilon_greedy,6,725,-10.8,8.89,1.0,8.573484772831074
epsilon_greedy,6,750,-11.4,-0.8999999999999998,0.575,8.573484772831074
epsilon_greedy,6,775,-10.3,-10.342499999999983,0.025,8.573484772831074
epsilon_greedy,6,800,8.2,8.4175,0.975,8.573484772831074
epsilon_greedy,6,825,9.1,6.475,0.875,8.573484772831074
epsilon_greedy,6,850,9.1,8.4625,0.975,8.402487139291516
epsilon_greedy,6,875,9.0,5.985,0.85,8.402487139291516
epsilon_greedy,6,900,8.7,7.5025,0.925,8.402487139291516
epsilon_greedy,6,925,8.8,5.995,0.85,8.402487139291516
epsilon_greedy,6,950,8.9,5.975,0.85,8.402487139291516
epsilon_greedy,6,975,8.299999999999999,3.8150000000000026,0.875,8.402487139291516
epsilon_greedy,6,1000,8.8,5.5075,0.825,8.402487139291516
epsilon_greedy,6,1025,-10.3,7.5,0.925,8.402487139291516
epsilon_greedy,6,1050,-11.1,-5.462499999999989,0.4,8.314939942940573
epsilon_greedy,6,1075,8.8,5.027499999999999,0.8,8.314939942940573
epsilon_greedy,6,1100,8.5,7.9300000000000015,0.95,8.314939942940573
epsilon_greedy,6,1125,-9.99999999999998,-9.827499999999983,0.05,8.314939942940573
epsilon_greedy,6,1150,8.7,1.6300000000000054,0.75,8.314939942940573
epsilon_greedy,6,1175,-11.5,-7.957499999999993,0.3,8.314939942940573
epsilon_greedy,6,1200,8.8,6.460000000000001,0.875,8.314939942940573
epsilon_greedy,6,1225,8.8,7.977500000000001,0.95,8.314939942940573
epsilon_greedy,6,1250,9.1,7.952500000000001,0.95,8.314939942940573
epsilon_greedy,6,1275,8.9,6.99,0.9,8.314939942940573
epsilon_greedy,6,1300,8.8,8.47,0.975,8.314939942940573
epsilon_greedy,6,1325,9.1,6.51,0.875,8.314939942940573
epsilon_greedy,6,1350,8.8,6.482499999999999,0.875,8.314939942940573
epsilon_greedy,6,1375,9.1,6.99,0.9,8.314939942940573
epsilon_greedy,6,1400,8.9,7.907499999999999,0.95,8.314939942940573
epsilon_greedy,6,1425,9.1,4.110000000000004,0.875,8.314939942940573
epsilon_greedy,6,1450,9.1,6.4925,0.875,8.314939942940573
epsilon_greedy,6,1475,8.7,7.95,0.95,8.314939942940573
epsilon_greedy,6,1500,8.7,6.4475,0.875,8.314939942940573
epsilon_greedy,7,1,-10.7,-11.2325,0.0,9.862146703285404
epsilon_greedy,7,25,-10.7,-11.442499999999995,0.075,9.862146703285404
epsilon_greedy,7,50,-10.6,-9.144999999999987,0.2,9.228647488990388
epsilon_greedy,7,75,-14.5,-12.769999999999987,0.0,9.228647488990388
epsilon_greedy,7,100,5.899999999999999,-11.279999999999987,0.025,9.228647488990388
epsilon_greedy,7,125,8.9,-1.8999999999999975,0.575,9.228647488990388
epsilon_greedy,7,150,-10.7,-0.6750000000000003,0.575,9.228647488990388
epsilon_greedy,7,175,9.0,5.527500000000001,0.825,9.228647488990388
epsilon_greedy,7,200,8.7,6.494999999999999,0.875,9.228647488990388
epsilon_greedy,7,225,-10.6,7.960000000000001,0.95,9.228647488990388
epsilon_greedy,7,250,8.8,5.9799999999999995,0.85,8.615195606933588
epsilon_greedy,7,275,8.9,4.575,0.775,8.615195606933588
epsilon_greedy,7,300,8.5,7.8775,0.95,8.615195606933588
epsilon_greedy,7,325,9.0,7.44,0.925,8.545734772831075
epsilon_greedy,7,350,9.0,7.505,0.925,8.545734772831075
epsilon_greedy,7,375,8.5,7.3325000000000005,0.925,8.545734772831075
epsilon_greedy,7,400,-10.6,-12.302499999999993,0.025,8.545734772831075
epsilon_greedy,7,425,8.7,6.965000000000001,0.9,8.545734772831075
epsilon_greedy,7,450,7.299999999999999,3.2150000000000007,0.825,8.545734772831075
epsilon_greedy,7,475,8.6,5.517500000000001,0.825,8.545734772831075
epsilon_greedy,7,500,8.6,6.035,0.85,8.545734772831075
epsilon_greedy,7,525,8.9,8.4275,0.975,8.545734772831075
epsilon_greedy,7,550,-12.200000000000001,-3.3449999999999895,0.525,8.545734772831075
epsilon_greedy,7,575,-11.4,3.5849999999999995,0.725,8.545734772831075
epsilon_greedy,7,600,8.8,7.470000000000001,0.925,8.545734772831075
epsilon_greedy,7,625,8.7,4.5075,0.775,8.545734772831075
epsilon_greedy,7,650,8.9,6.05,0.85,8.545734772831075
epsilon_greedy,7,675,9.0,5.567500000000001,0.825,8.545734772831075
epsilon_greedy,7,700,9.1,4.99,0.8,8.144168611969006
epsilon_greedy,7,725,8.9,5.5075,0.825,8.144168611969006
epsilon_greedy,7,750,8.9,6.484999999999999,0.875,8.144168611969006
epsilon_greedy,7,775,-10.2,6.477500000000001,0.875,8.144168611969006
epsilon_greedy,7,800,-10.7,-12.552499999999995,0.025,8.144168611969006
epsilon_greedy,7,825,-18.599999999999987,-10.45499999999998,0.0,8.144168611969006
epsilon_greedy,7,850,8.6,4.529999999999999,0.775,8.144168611969006
epsilon_greedy,7,875,8.1,6.5424999999999995,0.875,8.144168611969006
epsilon_greedy,7,900,8.9,6.542500000000001,0.875,8.144168611969006
epsilon_greedy,7,925,-10.2,6.969999999999999,0.9,8.144168611969006
epsilon_greedy,7,950,-12.4,5.550000000000001,0.825,8.144168611969006
epsilon_greedy,7,975,9.0,6.005000000000001,0.85,8.144168611969006
epsilon_greedy,7,1000,-10.4,6.5525,0.875,8.144168611969006
epsilon_greedy,7,1025,9.0,6.467499999999999,0.875,8.144168611969006
epsilon_greedy,7,1050,8.9,5.045,0.8,8.144168611969006
epsilon_greedy,7,1075,-10.4,7.025,0.9,8.144168611969006
epsilon_greedy,7,1100,8.4,7.955000000000001,0.95,8.144168611969006
epsilon_greedy,7,1125,8.1,5.5375000000000005,0.825,8.144168611969006
epsilon_greedy,7,1150,-9.99999999999998,-9.454999999999982,0.075,8.144168611969006
epsilon_greedy,7,1175,8.9,-2.685,0.475,8.144168611969006
epsilon_greedy,7,1200,5.000000000000002,-9.677499999999986,0.1,8.144168611969006
epsilon_greedy,7,1225,-13.3,6.015,0.85,8.144168611969006
epsilon_greedy,7,1250,-10.2,4.035,0.75,8.144168611969006
epsilon_greedy,7,1275,7.399999999999999,5.03,0.8,8.144168611969006
epsilon_greedy,7,1300,9.0,4.532500000000001,0.775,8.144168611969006
epsilon_greedy,7,1325,8.5,7.9625,0.95,8.144168611969006
epsilon_greedy,7,1350,9.0,5.5125,0.825,8.144168611969006
epsilon_greedy,7,1375,-10.5,2.0425000000000018,0.75,8.144168611969006
epsilon_greedy,7,1400,-9.99999999999998,-9.274999999999984,0.1,8.144168611969006
epsilon_greedy,7,1425,9.0,5.5200000000000005,0.825,8.144168611969006
epsilon_greedy,7,1450,-10.2,7.9575000000000005,0.95,8.144168611969006
epsilon_greedy,7,1475,-11.5,-4.692499999999994,0.45,8.144168611969006
epsilon_greedy,7,1500,8.8,4.035,0.75,8.144168611969006
epsilon_greedy,8,1,-10.9,-11.415000000000001,0.0,9.862146703285404
epsilon_greedy,8,25,4.300000000000004,-12.862499999999988,0.0,9.243647488990389
epsilon_greedy,8,50,-13.400000000000002,-11.614999999999988,0.075,9.243647488990389
epsilon_greedy,8,75,-9.99999999999998,-10.672499999999982,0.025,9.243647488990389
epsilon_greedy,8,100,-16.299999999999994,-12.289999999999992,0.0,9.243647488990389
epsilon_greedy,8,125,8.7,4.435,0.775,9.272831536157572
epsilon_greedy,8,150,8.2,5.0649999999999995,0.8,9.272831536157572
epsilon_greedy,8,175,8.7,4.545000000000001,0.775,9.272831536157572
epsilon_greedy,8,200,9.1,6.5025,0.875,9.272831536157572
epsilon_greedy,8,225,-11.3,6.0175,0.85,9.272831536157572
epsilon_greedy,8,250,9.0,5.005000000000001,0.8,9.272831536157572
epsilon_greedy,8,275,-10.6,4.015000000000001,0.75,9.272831536157572
epsilon_greedy,8,300,9.0,4.025,0.75,9.272831536157572
epsilon_greedy,8,325,9.0,5.090000000000001,0.8,9.272831536157572
epsilon_greedy,8,350,8.2,6.925,0.9,9.272831536157572
epsilon_greedy,8,375,9.0,6.4925,0.875,9.272831536157572
epsilon_greedy,8,400,-10.4,-5.422499999999999,0.35,9.272831536157572
epsilon_greedy,8,425,8.8,6.955,0.9,9.272831536157572
epsilon_greedy,8,450,8.9,7.015000000000001,0.9,9.272831536157572
epsilon_greedy,8,475,8.7,7.397499999999999,0.925,9.272831536157572
epsilon_greedy,8,500,-10.8,8.440000000000001,0.975,9.272831536157572
epsilon_greedy,8,525,8.7,4.9825,0.8,9.272831536157572
epsilon_greedy,8,550,-9.99999999999998,-9.73249999999998,0.025,9.272831536157572
epsilon_greedy,8,575,-11.5,6.5375,0.875,9.272831536157572
epsilon_greedy,8,600,9.1,5.07,0.8,9.272831536157572
epsilon_greedy,8,625,7.8999999999999995,5.995,0.85,9.272831536157572
epsilon_greedy,8,650,8.5,7.904999999999999,0.95,9.272831536157572
epsilon_greedy,8,675,8.9,7.527500000000001,0.925,9.272831536157572
epsilon_greedy,8,700,-11.1,8.895,1.0,9.272831536157572
epsilon_greedy,8,725,-10.3,5.9799999999999995,0.85,9.272831536157572
epsilon_greedy,8,750,9.0,5.965000000000001,0.85,9.272831536157572
epsilon_greedy,8,775,8.8,5.964999999999999,0.85,9.272831536157572
epsilon_greedy,8,800,9.0,7.015000000000001,0.9,9.272831536157572
epsilon_greedy,8,825,9.0,6.472499999999999,0.875,9.272831536157572
epsilon_greedy,8,850,8.6,7.475,0.925,9.272831536157572
epsilon_greedy,8,875,-11.6,6.472499999999999,0.875,9.272831536157572
epsilon_greedy,8,900,8.9,7.955,0.95,9.272831536157572
epsilon_greedy,8,925,-11.4,-10.299999999999997,0.125,9.272831536157572
epsilon_greedy,8,950,9.0,6.0175,0.85,9.272831536157572
epsilon_greedy,8,975,8.6,7.8875,0.95,9.272831536157572
epsilon_greedy,8,1000,8.9,6.9475,0.9,9.272831536157572
epsilon_greedy,8,1025,-10.4,7.425,0.925,9.272831536157572
epsilon_greedy,8,1050,5.6,-10.707499999999984,0.0,9.272831536157572
epsilon_greedy,8,1075,8.5,-4.892499999999989,0.4,9.272831536157572
epsilon_greedy,8,1100,8.7,7.952499999999999,0.95,9.272831536157572
epsilon_greedy,8,1125,9.0,6.545,0.9,9.272831536157572
epsilon_greedy,8,1150,9.1,6.955,0.9,9.272831536157572
epsilon_greedy,8,1175,9.0,7.480000000000001,0.925,9.272831536157572
epsilon_greedy,8,1200,8.6,4.965,0.8,9.272831536157572
epsilon_greedy,8,1225,8.8,7.9475,0.95,9.272831536157572
epsilon_greedy,8,1250,9.1,7.5,0.925,9.272831536157572
epsilon_greedy,8,1275,7.299999999999999,8.4125,0.975,9.272831536157572
epsilon_greedy,8,1300,8.7,7.4625,0.925,9.272831536157572
epsilon_greedy,8,1325,9.1,6.984999999999999,0.9,9.272831536157572
epsilon_greedy,8,1350,-15.399999999999997,5.160000000000002,0.925,9.272831536157572
epsilon_greedy,8,1375,7.6,0.28000000000000574,0.65,9.272831536157572
epsilon_greedy,8,1400,9.0,8.4225,0.975,9.272831536157572
epsilon_greedy,8,1425,8.1,8.4375,0.975,9.272831536157572
epsilon_greedy,8,1450,8.8,5.4225,0.825,9.272831536157572
epsilon_greedy,8,1475,9.0,7.889999999999999,0.95,9.272831536157572
epsilon_greedy,8,1500,8.8,6.93,0.9,9.272831536157572
epsilon_greedy,9,1,-12.3,-10.982499999999998,0.0,9.862146703285404
epsilon_greedy,9,25,-11.0,-14.614999999999998,0.0,10.045734772831075
epsilon_greedy,9,50,-11.0,-12.20999999999999,0.05,10.045734772831075
epsilon_greedy,9,75,6.699999999999998,-11.319999999999986,0.05,10.045734772831075
epsilon_greedy,9,100,7.299999999999999,-7.684999999999991,0.275,10.045734772831075
epsilon_greedy,9,125,8.299999999999999,-5.589999999999998,0.35,10.045734772831075
epsilon_greedy,9,150,-11.9,-0.5174999999999917,0.65,10.045734772831075
epsilon_greedy,9,175,-10.4,4.197500000000001,0.775,10.045734772831075
epsilon_greedy,9,200,9.1,6.0825000000000005,0.85,10.045734772831075
epsilon_greedy,9,225,9.0,4.075,0.75,10.045734772831075
epsilon_greedy,9,250,9.1,4.0475,0.75,10.045734772831075
epsilon_greedy,9,275,-10.2,5.9825,0.85,10.045734772831075
epsilon_greedy,9,300,-10.6,-6.15,0.3,10.045734772831075
epsilon_greedy,9,325,-12.3,-1.6949999999999925,0.6,10.045734772831075
epsilon_greedy,9,350,8.9,6.2425,0.875,10.045734772831075
epsilon_greedy,9,375,9.0,6.969999999999999,0.9,10.045734772831075
epsilon_greedy,9,400,9.1,5.5075,0.825,10.045734772831075
epsilon_greedy,9,425,8.9,7.455,0.925,10.045734772831075
epsilon_greedy,9,450,8.4,7.4,0.925,10.045734772831075
epsilon_greedy,9,475,9.0,7.917499999999999,0.95,10.045734772831075
epsilon_greedy,9,500,-10.3,7.0200000000000005,0.9,10.045734772831075
epsilon_greedy,9,525,8.2,7.43,0.925,10.045734772831075
epsilon_greedy,9,550,8.7,7.540000000000001,0.925,10.045734772831075
epsilon_greedy,9,575,8.9,7.369999999999999,0.925,10.045734772831075
epsilon_greedy,9,600,8.8,6.9325,0.9,10.045734772831075
epsilon_greedy,9,625,8.5,7.9475,0.95,10.045734772831075
epsilon_greedy,9,650,8.9,6.452499999999999,0.875,10.045734772831075
epsilon_greedy,9,675,9.0,6.415000000000001,0.875,9.37741776197992
epsilon_greedy,9,700,-10.9,-0.8974999999999926,0.575,9.37741776197992
epsilon_greedy,9,725,8.5,7.9625,0.95,9.37741776197992
epsilon_greedy,9,750,-11.0,7.95,0.95,9.37741776197992
epsilon_greedy,9,775,8.8,6.9625,0.9,9.37741776197992
epsilon_greedy,9,800,8.8,7.952500000000001,0.95,9.37741776197992
epsilon_greedy,9,825,4.700000000000003,4.327500000000002,0.875,9.37741776197992
epsilon_greedy,9,850,-14.999999999999998,-0.8874999999999925,0.6,9.37741776197992
epsilon_greedy,9,875,8.9,7.422499999999999,0.925,9.37741776197992
epsilon_greedy,9,900,-10.5,7.5025,0.925,9.37741776197992
epsilon_greedy,9,925,9.1,6.9625,0.9,9.37741776197992
epsilon_greedy,9,950,8.8,-3.3225000000000002,0.425,9.37741776197992
epsilon_greedy,9,975,8.8,6.01,0.85,9.37741776197992
epsilon_greedy,9,1000,8.8,7.4625,0.925,9.37741776197992
epsilon_greedy,9,1025,9.1,8.4475,0.975,9.37741776197992
epsilon_greedy,9,1050,8.9,7.489999999999999,0.925,9.37741776197992
epsilon_greedy,9,1075,-14.899999999999999,-0.5274999999999939,0.675,9.37741776197992
epsilon_greedy,9,1100,-14.200000000000001,-2.0849999999999964,0.55,9.37741776197992
epsilon_greedy,9,1125,8.7,6.910000000000001,0.9,9.37741776197992
epsilon_greedy,9,1150,9.0,8.4575,0.975,9.37741776197992
epsilon_greedy,9,1175,-13.3,-4.457499999999992,0.4,9.37741776197992
epsilon_greedy,9,1200,8.7,7.407499999999999,0.925,9.37741776197992
epsilon_greedy,9,1225,8.7,7.897499999999999,0.95,9.37741776197992
epsilon_greedy,9,1250,8.7,7.4575000000000005,0.925,9.37741776197992
epsilon_greedy,9,1275,-10.3,8.467500000000001,0.975,9.37741776197992
epsilon_greedy,9,1300,9.0,7.459999999999999,0.925,9.37741776197992
epsilon_greedy,9,1325,9.1,8.4725,0.975,9.37741776197992
epsilon_greedy,9,1350,9.1,7.902500000000001,0.95,9.37741776197992
epsilon_greedy,9,1375,9.0,7.4375,0.925,9.37741776197992
epsilon_greedy,9,1400,8.4,6.395,0.875,9.37741776197992
epsilon_greedy,9,1425,-11.9,-3.3949999999999996,0.475,9.37741776197992
epsilon_greedy,9,1450,8.7,7.9825,0.95,9.37741776197992
epsilon_greedy,9,1475,7.699999999999999,1.1650000000000065,0.725,9.37741776197992
epsilon_greedy,9,1500,8.6,7.0074999999999985,0.9,9.37741776197992
decaying_epsilon,0,1,-11.2,-11.0275,0.0,9.862146703285404
decaying_epsilon,0,25,-11.3,-12.717499999999998,0.025,9.862146703285404
decaying_epsilon,0,50,-10.5,-12.554999999999993,0.0,9.862146703285404
decaying_epsilon,0,75,-10.2,-11.852499999999985,0.0,9.862146703285404
decaying_epsilon,0,100,-10.3,-11.31499999999999,0.0,9.84206987889427
decaying_epsilon,0,125,-11.6,-12.254999999999992,0.0,9.84206987889427
decaying_epsilon,0,150,-11.2,-12.067499999999987,0.0,9.84206987889427
decaying_epsilon,0,175,-10.9,-10.979999999999984,0.0,9.84206987889427
decaying_epsilon,0,200,-10.9,-3.9650000000000007,0.4,9.207040745850554
decaying_epsilon,0,225,-13.800000000000002,-9.139999999999992,0.2,9.207040745850554
decaying_epsilon,0,250,-11.3,-6.392499999999994,0.4,9.207040745850554
decaying_epsilon,0,275,7.799999999999999,6.95,0.9,9.207040745850554
decaying_epsilon,0,300,-10.9,7.5075,0.925,9.207040745850554
decaying_epsilon,0,325,8.5,6.4875,0.875,9.207040745850554
decaying_epsilon,0,350,-11.1,8.485,0.975,9.207040745850554
decaying_epsilon,0,375,8.299999999999999,5.5575,0.825,9.207040745850554
decaying_epsilon,0,400,9.0,5.5200000000000005,0.825,8.913025743127735
decaying_epsilon,0,425,8.8,6.4975,0.875,8.913025743127735
decaying_epsilon,0,450,8.8,6.43,0.875,8.913025743127735
decaying_epsilon,0,475,8.7,5.057499999999999,0.8,8.913025743127735
decaying_epsilon,0,500,8.5,5.4875,0.825,8.913025743127735
decaying_epsilon,0,525,9.1,5.9975000000000005,0.85,8.913025743127735
decaying_epsilon,0,550,8.6,6.51,0.875,8.913025743127735
decaying_epsilon,0,575,-10.9,6.452500000000001,0.875,8.913025743127735
decaying_epsilon,0,600,8.7,4.5175,0.775,8.913025743127735
decaying_epsilon,0,625,9.0,5.555,0.825,8.913025743127735
decaying_epsilon,0,650,9.0,5.965,0.85,8.913025743127735
decaying_epsilon,0,675,8.299999999999999,8.434999999999999,0.975,8.913025743127735
decaying_epsilon,0,700,8.7,7.975,0.95,8.913025743127735
decaying_epsilon,0,725,9.1,7.975,0.95,8.913025743127735
decaying_epsilon,0,750,9.0,6.975,0.9,8.913025743127735
decaying_epsilon,0,775,8.7,7.970000000000001,0.95,8.913025743127735
decaying_epsilon,0,800,8.9,8.469999999999999,0.975,8.913025743127735
decaying_epsilon,0,825,8.9,7.3950000000000005,0.925,8.913025743127735
decaying_epsilon,0,850,9.1,6.9449999999999985,0.9,8.913025743127735
decaying_epsilon,0,875,8.8,8.89,1.0,8.913025743127735
decaying_epsilon,0,900,9.1,6.960000000000001,0.9,8.913025743127735
decaying_epsilon,0,925,9.1,7.977500000000001,0.95,8.913025743127735
decaying_epsilon,0,950,-10.3,7.9575000000000005,0.95,8.913025743127735
decaying_epsilon,0,975,9.1,7.967499999999999,0.95,8.913025743127735
decaying_epsilon,0,1000,9.0,6.529999999999999,0.875,8.913025743127735
decaying_epsilon,0,1025,9.1,7.4975,0.925,8.913025743127735
decaying_epsilon,0,1050,8.8,7.0025,0.9,8.913025743127735
decaying_epsilon,0,1075,8.7,6.495,0.875,8.913025743127735
decaying_epsilon,0,1100,9.0,6.475,0.875,8.913025743127735
decaying_epsilon,0,1125,8.7,7.547499999999999,0.925,8.913025743127735
decaying_epsilon,0,1150,-9.99999999999998,-8.907499999999981,0.075,8.913025743127735
decaying_epsilon,0,1175,-11.4,-11.987499999999986,0.0,8.913025743127735
decaying_epsilon,0,1200,8.9,5.9625,0.85,8.913025743127735
decaying_epsilon,0,1225,9.0,6.529999999999999,0.875,8.913025743127735
decaying_epsilon,0,1250,8.5,8.0125,0.95,8.913025743127735
decaying_epsilon,0,1275,9.1,6.505000000000001,0.875,8.913025743127735
decaying_epsilon,0,1300,9.1,6.952500000000001,0.9,8.913025743127735
decaying_epsilon,0,1325,8.7,6.965000000000001,0.9,8.913025743127735
decaying_epsilon,0,1350,8.9,5.972500000000001,0.85,8.913025743127735
decaying_epsilon,0,1375,9.1,7.92,0.95,8.913025743127735
decaying_epsilon,0,1400,8.7,8.870000000000001,1.0,8.913025743127735
decaying_epsilon,0,1425,9.0,6.95,0.9,8.913025743127735
decaying_epsilon,0,1450,-10.3,6.51,0.875,8.913025743127735
decaying_epsilon,0,1475,7.799999999999999,-5.664999999999999,0.35,8.913025743127735
decaying_epsilon,0,1500,-11.0,7.9375,0.95,8.913025743127735
decaying_epsilon,1,1,-10.5,-11.242500000000001,0.0,9.862146703285404
decaying_epsilon,1,25,-10.2,-13.124999999999995,0.0,9.84206987889427
decaying_epsilon,1,50,-12.3,-13.62999999999999,0.0,9.84206987889427
decaying_epsilon,1,75,-10.8,-12.617499999999998,0.0,9.192040745850553
decaying_epsilon,1,100,-11.2,-12.997499999999988,0.0,9.192040745850553
decaying_epsilon,1,125,-10.9,-12.507499999999997,0.05,9.192040745850553
decaying_epsilon,1,150,-10.2,-10.932499999999987,0.0,9.192040745850553
decaying_epsilon,1,175,-11.5,-1.9449999999999943,0.575,9.192040745850553
decaying_epsilon,1,200,-14.4,-9.644999999999985,0.15,9.029897488990388
decaying_epsilon,1,225,-12.100000000000001,-7.329999999999998,0.3,9.029897488990388
decaying_epsilon,1,250,-13.000000000000002,-10.889999999999983,0.05,9.029897488990388
decaying_epsilon,1,275,-9.99999999999998,-3.499999999999998,0.45,9.029897488990388
decaying_epsilon,1,300,-10.9,-0.7974999999999997,0.575,9.029897488990388
decaying_epsilon,1,325,-11.3,6.410000000000001,0.875,9.029897488990388
decaying_epsilon,1,350,8.6,4.9799999999999995,0.8,9.029897488990388
decaying_epsilon,1,375,8.9,5.0725,0.8,9.029897488990388
decaying_epsilon,1,400,9.1,5.4575,0.825,9.029897488990388
decaying_epsilon,1,425,8.7,6.534999999999999,0.875,9.029897488990388
decaying_epsilon,1,450,8.2,6.972499999999999,0.9,9.029897488990388
decaying_epsilon,1,475,8.9,6.005,0.85,9.029897488990388
decaying_epsilon,1,500,9.1,4.5825,0.775,9.029897488990388
decaying_epsilon,1,525,8.7,4.56,0.775,9.029897488990388
decaying_epsilon,1,550,9.1,4.4799999999999995,0.775,9.029897488990388
decaying_epsilon,1,575,8.7,4.9975000000000005,0.8,9.029897488990388
decaying_epsilon,1,600,8.9,5.965,0.85,9.029897488990388
decaying_epsilon,1,625,8.9,3.5925000000000002,0.725,9.029897488990388
decaying_epsilon,1,650,8.9,6.494999999999999,0.875,9.029897488990388
decaying_epsilon,1,675,8.5,0.5575000000000043,0.7,9.029897488990388
decaying_epsilon,1,700,9.0,5.49,0.825,9.029897488990388
decaying_epsilon,1,725,-10.5,5.972499999999999,0.85,9.029897488990388
decaying_epsilon,1,750,8.5,3.7450000000000023,0.85,9.029897488990388
decaying_epsilon,1,775,8.9,4.99,0.8,9.029897488990388
decaying_epsilon,1,800,-9.99999999999998,-9.342499999999982,0.05,9.029897488990388
decaying_epsilon,1,825,-9.99999999999998,-10.18249999999998,0.0,9.029897488990388
decaying_epsilon,1,850,9.0,7.807499999999999,0.95,9.029897488990388
decaying_epsilon,1,875,9.1,7.5075,0.925,9.029897488990388
decaying_epsilon,1,900,8.9,8.477500000000001,0.975,9.029897488990388
decaying_epsilon,1,925,9.1,7.505,0.925,9.029897488990388
decaying_epsilon,1,950,8.7,6.459999999999999,0.875,9.029897488990388
decaying_epsilon,1,975,-10.3,8.432500000000001,0.975,9.029897488990388
decaying_epsilon,1,1000,9.1,7.9875,0.95,9.029897488990388
decaying_epsilon,1,1025,9.1,7.972499999999999,0.95,9.029897488990388
decaying_epsilon,1,1050,9.1,7.01,0.9,9.029897488990388
decaying_epsilon,1,1075,-11.0,7.44,0.925,9.029897488990388
decaying_epsilon,1,1100,9.1,7.959999999999999,0.95,9.029897488990388
decaying_epsilon,1,1125,8.7,8.9275,1.0,9.029897488990388
decaying_epsilon,1,1150,9.1,7.4475,0.925,9.029897488990388
decaying_epsilon,1,1175,-10.3,7.5125,0.925,9.029897488990388
decaying_epsilon,1,1200,-10.3,7.4575000000000005,0.925,9.029897488990388
decaying_epsilon,1,1225,9.1,5.0675,0.8,9.029897488990388
decaying_epsilon,1,1250,9.1,6.904999999999999,0.9,9.029897488990388
decaying_epsilon,1,1275,9.0,8.4175,0.975,9.029897488990388
decaying_epsilon,1,1300,-11.0,5.5075,0.825,9.029897488990388
decaying_epsilon,1,1325,-10.3,8.425,0.975,9.029897488990388
decaying_epsilon,1,1350,9.1,5.46,0.825,9.029897488990388
decaying_epsilon,1,1375,8.8,7.4575000000000005,0.925,9.029897488990388
decaying_epsilon,1,1400,9.1,7.925,0.95,9.029897488990388
decaying_epsilon,1,1425,8.9,6.984999999999999,0.9,9.029897488990388
decaying_epsilon,1,1450,9.1,7.459999999999999,0.925,9.029897488990388
decaying_epsilon,1,1475,9.0,7.922499999999999,0.95,9.029897488990388
decaying_epsilon,1,1500,8.6,6.545,0.875,9.029897488990388
decaying_epsilon,2,1,-10.9,-11.4025,0.0,9.862146703285404
decaying_epsilon,2,25,-10.9,-12.040000000000001,0.0,9.862146703285404
decaying_epsilon,2,50,-10.7,-12.944999999999999,0.0,9.862146703285404
decaying_epsilon,2,75,-11.0,-11.897499999999999,0.0,9.862146703285404
decaying_epsilon,2,100,-11.3,-10.769999999999984,0.0,9.862146703285404
decaying_epsilon,2,125,-11.4,-8.349999999999985,0.125,9.243647488990389
decaying_epsilon,2,150,-11.2,-2.719999999999991,0.55,9.243647488990389
decaying_epsilon,2,175,-10.8,-4.982499999999999,0.375,9.243647488990389
decaying_epsilon,2,200,-10.4,-3.179999999999997,0.475,9.243647488990389
decaying_epsilon,2,225,-11.1,6.35,0.875,9.243647488990389
decaying_epsilon,2,250,-10.8,5.4,0.825,9.243647488990389
decaying_epsilon,2,275,-10.6,6.464999999999999,0.875,9.243647488990389
decaying_epsilon,2,300,9.1,7.9375,0.95,9.243647488990389
decaying_epsilon,2,325,8.6,5.9799999999999995,0.85,9.243647488990389
decaying_epsilon,2,350,9.0,6.904999999999999,0.9,9.243647488990389
decaying_epsilon,2,375,4.000000000000005,-9.142499999999993,0.25,9.243647488990389
decaying_epsilon,2,400,-11.0,7.965000000000001,0.95,9.243647488990389
decaying_epsilon,2,425,8.9,7.470000000000001,0.925,9.243647488990389
decaying_epsilon,2,450,8.5,7.5200000000000005,0.925,9.243647488990389
decaying_epsilon,2,475,9.0,7.482499999999999,0.925,9.243647488990389
decaying_epsilon,2,500,8.9,7.505,0.925,9.243647488990389
decaying_epsilon,2,525,9.1,7.94,0.95,9.243647488990389
decaying_epsilon,2,550,8.7,6.972499999999999,0.9,9.243647488990389
decaying_epsilon,2,575,-10.5,7.9625,0.95,9.243647488990389
decaying_epsilon,2,600,8.8,5.977500000000001,0.85,9.243647488990389
decaying_epsilon,2,625,9.0,6.5075,0.875,9.243647488990389
decaying_epsilon,2,650,8.9,7.4975,0.925,9.243647488990389
decaying_epsilon,2,675,7.8999999999999995,-1.144999999999992,0.65,9.243647488990389
decaying_epsilon,2,700,9.1,4.265000000000002,0.9,9.243647488990389
decaying_epsilon,2,725,9.1,8.405,0.975,9.243647488990389
decaying_epsilon,2,750,9.1,7.910000000000001,0.95,9.243647488990389
decaying_epsilon,2,775,8.9,6.840000000000001,0.9,9.243647488990389
decaying_epsilon,2,800,8.7,5.959999999999999,0.85,9.243647488990389
decaying_epsilon,2,825,8.9,6.4825,0.875,9.243647488990389
decaying_epsilon,2,850,8.7,8.41,0.975,9.243647488990389
decaying_epsilon,2,875,-11.700000000000001,-2.825,0.475,9.243647488990389
decaying_epsilon,2,900,8.9,6.534999999999999,0.875,9.243647488990389
decaying_epsilon,2,925,9.1,7.4799999999999995,0.925,9.243647488990389
decaying_epsilon,2,950,9.1,7.4449999999999985,0.925,9.243647488990389
decaying_epsilon,2,975,-10.3,7.4825,0.925,9.243647488990389
decaying_epsilon,2,1000,9.1,8.385,0.975,9.243647488990389
decaying_epsilon,2,1025,9.1,7.902500000000001,0.95,9.243647488990389
decaying_epsilon,2,1050,-10.3,7.9475,0.95,9.243647488990389
decaying_epsilon,2,1075,9.1,7.435,0.925,9.243647488990389
decaying_epsilon,2,1100,9.1,8.379999999999999,0.975,9.243647488990389
decaying_epsilon,2,1125,8.7,6.859999999999999,0.9,9.243647488990389
decaying_epsilon,2,1150,9.1,6.467499999999999,0.875,9.243647488990389
decaying_epsilon,2,1175,8.8,6.4975,0.875,9.243647488990389
decaying_epsilon,2,1200,8.9,-1.1549999999999918,0.6,9.243647488990389
decaying_epsilon,2,1225,8.7,6.030000000000001,0.85,9.243647488990389
decaying_epsilon,2,1250,9.1,8.7625,1.0,9.243647488990389
decaying_epsilon,2,1275,9.1,7.902500000000001,0.95,9.243647488990389
decaying_epsilon,2,1300,7.399999999999999,-9.189999999999987,0.15,9.243647488990389
decaying_epsilon,2,1325,7.499999999999999,-9.289999999999987,0.175,9.243647488990389
decaying_epsilon,2,1350,9.0,7.407500000000001,0.925,9.243647488990389
decaying_epsilon,2,1375,-10.8,5.4825,0.825,9.243647488990389
decaying_epsilon,2,1400,9.1,8.9525,1.0,9.243647488990389
decaying_epsilon,2,1425,9.0,6.5025,0.875,9.243647488990389
decaying_epsilon,2,1450,9.1,6.9275,0.9,9.243647488990389
decaying_epsilon,2,1475,9.0,7.4875,0.925,9.243647488990389
decaying_epsilon,2,1500,9.1,6.942500000000001,0.9,9.243647488990389
decaying_epsilon,3,1,-10.7,-13.029999999999996,0.025,9.862146703285404
decaying_epsilon,3,25,-11.700000000000001,-13.214999999999998,0.0,9.862146703285404
decaying_epsilon,3,50,-10.3,-12.062499999999996,0.05,9.862146703285404
decaying_epsilon,3,75,-10.4,-12.452499999999997,0.0,9.862146703285404
decaying_epsilon,3,100,-11.0,-12.837499999999995,0.0,9.862146703285404
decaying_epsilon,3,125,-13.800000000000002,-12.244999999999997,0.025,9.862146703285404
decaying_epsilon,3,150,-13.100000000000001,-11.93249999999999,0.025,9.862146703285404
decaying_epsilon,3,175,-11.700000000000001,5.862500000000002,0.925,9.862146703285404
decaying_epsilon,3,200,-10.8,-2.2275,0.475,9.862146703285404
decaying_epsilon,3,225,-12.8,-0.44749999999999757,0.6,9.862146703285404
decaying_epsilon,3,250,-11.3,-11.487499999999994,0.125,9.243647488990389
decaying_epsilon,3,275,7.6,8.882500000000002,1.0,9.243647488990389
decaying_epsilon,3,300,-10.3,6.5125,0.875,9.243647488990389
decaying_epsilon,3,325,8.8,7.4825,0.925,9.243647488990389
decaying_epsilon,3,350,-10.7,7.972500000000001,0.95,9.243647488990389
decaying_epsilon,3,375,-10.6,5.9775,0.85,9.243647488990389
decaying_epsilon,3,400,8.7,7.4799999999999995,0.925,9.243647488990389
decaying_epsilon,3,425,8.9,-1.0774999999999992,0.575,9.243647488990389
decaying_epsilon,3,450,8.6,4.852500000000003,0.9,9.243647488990389
decaying_epsilon,3,475,8.8,7.935,0.95,9.243647488990389
decaying_epsilon,3,500,8.9,6.442500000000001,0.875,9.243647488990389
decaying_epsilon,3,525,9.1,7.475,0.925,9.243647488990389
decaying_epsilon,3,550,8.8,6.964999999999999,0.9,9.243647488990389
decaying_epsilon,3,575,8.7,7.985000000000001,0.95,9.243647488990389
decaying_epsilon,3,600,8.7,7.967500000000001,0.95,9.243647488990389
decaying_epsilon,3,625,8.9,5.4325,0.825,9.243647488990389
decaying_epsilon,3,650,9.1,7.9625,0.95,9.243647488990389
decaying_epsilon,3,675,9.0,5.545,0.825,9.243647488990389
decaying_epsilon,3,700,-9.99999999999998,-9.039999999999983,0.125,9.243647488990389
decaying_epsilon,3,725,8.5,6.9174999999999995,0.9,9.243647488990389
decaying_epsilon,3,750,9.0,8.4275,0.975,9.243647488990389
decaying_epsilon,3,775,9.1,7.8625,0.95,9.243647488990389
decaying_epsilon,3,800,-10.5,6.9475,0.9,9.243647488990389
decaying_epsilon,3,825,8.8,7.975,0.95,9.243647488990389
decaying_epsilon,3,850,9.1,7.9174999999999995,0.95,9.243647488990389
decaying_epsilon,3,875,8.9,6.51,0.875,9.243647488990389
decaying_epsilon,3,900,8.9,7.415000000000001,0.925,9.243647488990389
decaying_epsilon,3,925,9.1,7.457500000000001,0.925,9.243647488990389
decaying_epsilon,3,950,9.1,7.415000000000001,0.925,9.243647488990389
decaying_epsilon,3,975,8.9,5.922499999999999,0.85,9.243647488990389
decaying_epsilon,3,1000,8.8,6.529999999999999,0.875,9.243647488990389
decaying_epsilon,3,1025,9.0,8.9275,1.0,9.243647488990389
decaying_epsilon,3,1050,9.0,7.3725,0.925,9.243647488990389
decaying_epsilon,3,1075,8.9,7.4925,0.925,9.243647488990389
decaying_epsilon,3,1100,-10.3,8.4275,0.975,9.243647488990389
decaying_epsilon,3,1125,9.1,7.4425,0.925,9.243647488990389
decaying_epsilon,3,1150,9.1,7.959999999999999,0.95,9.243647488990389
decaying_epsilon,3,1175,8.8,7.477499999999999,0.925,9.243647488990389
decaying_epsilon,3,1200,8.9,6.9875,0.9,9.243647488990389
decaying_epsilon,3,1225,8.9,8.445,0.975,9.243647488990389
decaying_epsilon,3,1250,8.9,8.39,0.975,9.243647488990389
decaying_epsilon,3,1275,9.0,7.080000000000001,0.9,9.243647488990389
decaying_epsilon,3,1300,-10.3,8.004999999999999,0.95,9.243647488990389
decaying_epsilon,3,1325,9.1,5.5600000000000005,0.825,9.243647488990389
decaying_epsilon,3,1350,9.1,5.56,0.825,9.243647488990389
decaying_epsilon,3,1375,-11.2,6.692500000000001,1.0,9.243647488990389
decaying_epsilon,3,1400,8.1,7.45,0.925,9.243647488990389
decaying_epsilon,3,1425,8.9,7.965000000000001,0.95,9.243647488990389
decaying_epsilon,3,1450,8.8,6.4975,0.875,9.243647488990389
decaying_epsilon,3,1475,8.7,7.445,0.925,9.243647488990389
decaying_epsilon,3,1500,-11.0,7.964999999999999,0.95,9.243647488990389
decaying_epsilon,4,1,-12.5,-12.817499999999999,0.0,9.862146703285404
decaying_epsilon,4,25,-11.6,-11.4925,0.025,9.862146703285404
decaying_epsilon,4,50,-10.7,-10.824999999999985,0.025,9.862146703285404
decaying_epsilon,4,75,-10.7,-12.034999999999993,0.05,9.862146703285404
decaying_epsilon,4,100,-11.2,-8.099999999999998,0.225,9.862146703285404
decaying_epsilon,4,125,-11.1,-11.574999999999996,0.05,9.243647488990389
decaying_epsilon,4,150,-12.900000000000002,-9.502499999999992,0.2,9.243647488990389
decaying_epsilon,4,175,-10.5,-6.149999999999996,0.4,9.243647488990389
decaying_epsilon,4,200,-10.7,-7.185,0.25,9.243647488990389
decaying_epsilon,4,225,9.0,6.3,0.875,9.243647488990389
decaying_epsilon,4,250,7.499999999999999,6.525,0.875,9.243647488990389
decaying_epsilon,4,275,9.1,7.407500000000001,0.925,9.155650945726538
decaying_epsilon,4,300,-11.2,7.025,0.9,9.155650945726538
decaying_epsilon,4,325,8.8,6.909999999999999,0.9,9.155650945726538
decaying_epsilon,4,350,8.9,8.8675,1.0,9.155650945726538
decaying_epsilon,4,375,9.0,7.957499999999999,0.95,9.155650945726538
decaying_epsilon,4,400,-11.6,8.415,0.975,9.155650945726538
decaying_epsilon,4,425,9.1,7.475,0.925,9.155650945726538
decaying_epsilon,4,450,8.7,5.9575000000000005,0.85,9.155650945726538
decaying_epsilon,4,475,8.9,7.522499999999999,0.925,9.155650945726538
decaying_epsilon,4,500,8.4,7.457499999999999,0.925,9.155650945726538
decaying_epsilon,4,525,9.1,7.432499999999999,0.925,9.155650945726538
decaying_epsilon,4,550,8.9,8.46,0.975,9.155650945726538
decaying_epsilon,4,575,9.0,7.4325,0.925,9.155650945726538
decaying_epsilon,4,600,9.0,6.479999999999999,0.875,9.155650945726538
decaying_epsilon,4,625,9.1,4.932499999999999,0.8,9.155650945726538
decaying_epsilon,4,650,9.1,6.4625,0.875,9.155650945726538
decaying_epsilon,4,675,9.1,7.495,0.925,9.155650945726538
decaying_epsilon,4,700,-10.4,6.0424999999999995,0.85,9.155650945726538
decaying_epsilon,4,725,8.0,7.484999999999999,0.925,9.155650945726538
decaying_epsilon,4,750,8.8,3.545000000000003,0.85,9.155650945726538
decaying_epsilon,4,775,8.6,6.8824999999999985,0.9,9.155650945726538
decaying_epsilon,4,800,9.1,7.904999999999999,0.95,9.155650945726538
decaying_epsilon,4,825,8.5,6.965000000000001,0.9,9.155650945726538
decaying_epsilon,4,850,8.299999999999999,7.969999999999999,0.95,9.155650945726538
decaying_epsilon,4,875,9.1,7.435,0.925,9.155650945726538
decaying_epsilon,4,900,-13.3,4.020000000000002,0.875,9.155650945726538
decaying_epsilon,4,925,8.299999999999999,-7.022499999999987,0.25,9.155650945726538
decaying_epsilon,4,950,8.4,6.45,0.875,9.155650945726538
decaying_epsilon,4,975,9.1,7.972499999999999,0.95,8.642945606933587
decaying_epsilon,4,1000,9.1,8.4475,0.975,8.642945606933587
decaying_epsilon,4,1025,8.9,7.982499999999999,0.95,8.642945606933587
decaying_epsilon,4,1050,8.299999999999999,3.4375000000000013,0.85,8.642945606933587
decaying_epsilon,4,1075,9.1,8.385,0.975,8.642945606933587
decaying_epsilon,4,1100,-11.1,7.0,0.9,8.642945606933587
decaying_epsilon,4,1125,8.8,7.477500000000001,0.925,8.642945606933587
decaying_epsilon,4,1150,8.8,6.460000000000001,0.875,8.642945606933587
decaying_epsilon,4,1175,9.0,7.94,0.95,8.642945606933587
decaying_epsilon,4,1200,9.1,7.4125,0.925,8.642945606933587
decaying_epsilon,4,1225,8.9,6.9575000000000005,0.9,8.642945606933587
decaying_epsilon,4,1250,9.1,6.965000000000001,0.9,8.642945606933587
decaying_epsilon,4,1275,8.8,8.9225,1.0,8.642945606933587
decaying_epsilon,4,1300,9.0,7.459999999999999,0.925,8.642945606933587
decaying_epsilon,4,1325,8.7,8.345000000000002,0.975,8.642945606933587
decaying_epsilon,4,1350,9.0,7.959999999999999,0.95,8.642945606933587
decaying_epsilon,4,1375,8.7,7.847499999999999,0.95,8.642945606933587
decaying_epsilon,4,1400,9.1,7.9875,0.95,8.642945606933587
decaying_epsilon,4,1425,8.9,7.904999999999999,0.95,8.642945606933587
decaying_epsilon,4,1450,-11.0,6.4375,0.875,8.642945606933587
decaying_epsilon,4,1475,-10.7,5.9875,0.85,8.642945606933587
decaying_epsilon,4,1500,9.0,6.977499999999999,0.9,8.642945606933587
decaying_epsilon,5,1,-10.8,-10.455,0.025,9.862146703285404
decaying_epsilon,5,25,-10.8,-13.042499999999995,0.0,9.862146703285404
decaying_epsilon,5,50,-10.5,-12.122499999999999,0.0,9.862146703285404
decaying_epsilon,5,75,-10.3,-9.934999999999999,0.075,9.862146703285404
decaying_epsilon,5,100,-11.9,-11.534999999999997,0.025,9.862146703285404
decaying_epsilon,5,125,-11.1,-11.542499999999993,0.05,9.862146703285404
decaying_epsilon,5,150,-10.6,-11.239999999999984,0.0,10.01588528934501
decaying_epsilon,5,175,-12.3,-13.147499999999988,0.0,9.862146703285404
decaying_epsilon,5,200,-11.4,-9.65749999999999,0.25,9.59022278934501
decaying_epsilon,5,225,-10.4,-10.999999999999991,0.1,10.333914914345009
decaying_epsilon,5,250,-11.6,-7.465000000000001,0.225,10.333914914345009
decaying_epsilon,5,275,-11.3,-4.537499999999989,0.425,9.393156876845008
decaying_epsilon,5,300,6.099999999999998,-10.73499999999999,0.175,9.23770080782192
decaying_epsilon,5,325,8.5,6.0249999999999995,0.85,9.23770080782192
decaying_epsilon,5,350,9.0,5.215000000000001,0.825,9.23770080782192
decaying_epsilon,5,375,-10.6,6.707499999999999,0.9,9.228647488990388
decaying_epsilon,5,400,8.8,5.91,0.85,9.228647488990388
decaying_epsilon,5,425,8.7,7.902500000000001,0.95,8.964282805942696
decaying_epsilon,5,450,8.8,5.0175,0.8,8.964282805942696
decaying_epsilon,5,475,8.9,7.435,0.925,10.10309373895522
decaying_epsilon,5,500,9.1,6.5125,0.875,10.10309373895522
decaying_epsilon,5,525,9.1,4.5600000000000005,0.775,10.10309373895522
decaying_epsilon,5,550,8.1,6.925,0.9,10.10309373895522
decaying_epsilon,5,575,8.8,6.510000000000001,0.875,10.10309373895522
decaying_epsilon,5,600,8.7,6.4,0.875,10.10309373895522
decaying_epsilon,5,625,9.0,6.970000000000001,0.9,10.10309373895522
decaying_epsilon,5,650,-10.3,6.045,0.85,10.10309373895522
decaying_epsilon,5,675,9.0,0.6175000000000004,0.65,10.10309373895522
decaying_epsilon,5,700,-14.7,4.702500000000002,0.9,10.10309373895522
decaying_epsilon,5,725,8.9,7.422499999999999,0.925,10.10309373895522
decaying_epsilon,5,750,8.8,7.909999999999999,0.95,10.10309373895522
decaying_epsilon,5,775,9.0,7.027500000000001,0.9,10.10309373895522
decaying_epsilon,5,800,9.0,7.9,0.95,10.10309373895522
decaying_epsilon,5,825,9.1,6.95,0.9,10.10309373895522
decaying_epsilon,5,850,8.299999999999999,7.484999999999999,0.925,10.10309373895522
decaying_epsilon,5,875,8.9,6.9475,0.9,10.10309373895522
decaying_epsilon,5,900,9.0,6.955000000000001,0.9,10.10309373895522
decaying_epsilon,5,925,9.1,6.475,0.875,10.10309373895522
decaying_epsilon,5,950,8.9,6.9975,0.9,10.10309373895522
decaying_epsilon,5,975,8.9,8.45,0.975,10.10309373895522
decaying_epsilon,5,1000,8.5,7.5,0.925,10.10309373895522
decaying_epsilon,5,1025,-10.3,5.0600000000000005,0.8,10.10309373895522
decaying_epsilon,5,1050,9.1,7.9925000000000015,0.95,10.10309373895522
decaying_epsilon,5,1075,8.7,5.4575000000000005,0.825,10.10309373895522
decaying_epsilon,5,1100,9.1,6.4174999999999995,0.875,10.10309373895522
decaying_epsilon,5,1125,8.4,6.015,0.85,10.10309373895522
decaying_epsilon,5,1150,9.1,7.495,0.925,10.10309373895522
decaying_epsilon,5,1175,-11.0,6.5025,0.875,10.10309373895522
decaying_epsilon,5,1200,9.1,6.959999999999999,0.9,10.10309373895522
decaying_epsilon,5,1225,8.8,6.529999999999999,0.875,10.10309373895522
decaying_epsilon,5,1250,9.1,8.925,1.0,10.10309373895522
decaying_epsilon,5,1275,9.0,6.99,0.9,10.10309373895522
decaying_epsilon,5,1300,9.0,7.0200000000000005,0.9,10.10309373895522
decaying_epsilon,5,1325,9.1,6.5,0.875,10.10309373895522
decaying_epsilon,5,1350,9.0,7.0074999999999985,0.9,10.10309373895522
decaying_epsilon,5,1375,-10.3,7.4825,0.925,10.10309373895522
decaying_epsilon,5,1400,9.1,7.9799999999999995,0.95,10.10309373895522
decaying_epsilon,5,1425,9.1,7.95,0.95,10.10309373895522
decaying_epsilon,5,1450,8.9,5.5625,0.825,10.10309373895522
decaying_epsilon,5,1475,8.9,5.98,0.85,10.10309373895522
decaying_epsilon,5,1500,8.9,7.452500000000001,0.925,10.10309373895522
decaying_epsilon,6,1,-10.8,-11.647499999999999,0.0,9.862146703285404
decaying_epsilon,6,25,-11.0,-12.889999999999997,0.0,9.862146703285404
decaying_epsilon,6,50,-12.4,-13.02249999999999,0.025,9.862146703285404
decaying_epsilon,6,75,-10.8,-12.182499999999994,0.0,9.877146703285405
decaying_epsilon,6,100,-15.299999999999997,8.425,0.975,9.877146703285405
decaying_epsilon,6,125,-11.9,-3.0499999999999994,0.475,9.877146703285405
decaying_epsilon,6,150,-12.600000000000001,5.5525,0.85,9.228647488990388
decaying_epsilon,6,175,-11.0,6.945,0.9,9.031714363990389
decaying_epsilon,6,200,8.6,5.977500000000001,0.85,9.031714363990389
decaying_epsilon,6,225,-10.8,7.465000000000001,0.925,9.031714363990389
decaying_epsilon,6,250,8.1,8.475,0.975,9.031714363990389
decaying_epsilon,6,275,-10.2,7.480000000000001,0.925,9.031714363990389
decaying_epsilon,6,300,8.1,7.4799999999999995,0.925,9.031714363990389
decaying_epsilon,6,325,-10.3,-4.5200000000000005,0.4,9.031714363990389
decaying_epsilon,6,350,9.1,8.48,0.975,9.031714363990389
decaying_epsilon,6,375,8.9,7.9375,0.95,9.031714363990389
decaying_epsilon,6,400,8.9,8.459999999999999,0.975,9.031714363990389
decaying_epsilon,6,425,-10.3,7.442500000000001,0.925,9.031714363990389
decaying_epsilon,6,450,8.9,6.9425,0.9,9.031714363990389
decaying_epsilon,6,475,9.0,7.9300000000000015,0.95,9.031714363990389
decaying_epsilon,6,500,-16.299999999999994,-9.624999999999982,0.075,9.031714363990389
decaying_epsilon,6,525,-9.99999999999998,-10.23999999999998,0.0,9.031714363990389
decaying_epsilon,6,550,9.1,7.0024999999999995,0.9,9.031714363990389
decaying_epsilon,6,575,-10.3,7.9475,0.95,9.031714363990389
decaying_epsilon,6,600,8.7,7.529999999999999,0.925,9.031714363990389
decaying_epsilon,6,625,-10.3,7.4875,0.925,9.031714363990389
decaying_epsilon,6,650,8.9,7.919999999999999,0.95,9.031714363990389
decaying_epsilon,6,675,9.1,7.9425,0.95,9.031714363990389
decaying_epsilon,6,700,9.1,6.967499999999999,0.9,9.031714363990389
decaying_epsilon,6,725,-10.8,8.9025,1.0,9.031714363990389
decaying_epsilon,6,750,9.1,6.5175,0.875,9.031714363990389
decaying_epsilon,6,775,8.5,7.4,0.925,9.031714363990389
decaying_epsilon,6,800,9.0,8.4075,0.975,9.031714363990389
decaying_epsilon,6,825,8.9,6.9475,0.9,9.031714363990389
decaying_epsilon,6,850,8.7,8.4525,0.975,9.031714363990389
decaying_epsilon,6,875,8.9,6.467500000000001,0.875,9.031714363990389
decaying_epsilon,6,900,9.1,6.9925,0.9,9.031714363990389
decaying_epsilon,6,925,9.1,5.977499999999999,0.85,9.031714363990389
decaying_epsilon,6,950,9.1,5.4625,0.825,9.031714363990389
decaying_epsilon,6,975,9.1,6.495,0.875,9.031714363990389
decaying_epsilon,6,1000,8.8,5.9925,0.85,9.031714363990389
decaying_epsilon,6,1025,9.0,7.9575000000000005,0.95,9.031714363990389
decaying_epsilon,6,1050,9.1,6.957499999999999,0.9,9.031714363990389
decaying_epsilon,6,1075,8.7,4.507499999999999,0.775,9.031714363990389
decaying_epsilon,6,1100,8.8,7.422499999999999,0.925,9.031714363990389
decaying_epsilon,6,1125,8.9,7.455,0.925,9.031714363990389
decaying_epsilon,6,1150,-10.9,7.4625,0.925,9.031714363990389
decaying_epsilon,6,1175,9.0,8.91,1.0,9.031714363990389
decaying_epsilon,6,1200,9.1,6.51,0.875,9.031714363990389
decaying_epsilon,6,1225,9.1,7.4475,0.925,9.031714363990389
decaying_epsilon,6,1250,-10.8,7.935,0.95,9.031714363990389
decaying_epsilon,6,1275,8.7,6.967499999999999,0.9,9.031714363990389
decaying_epsilon,6,1300,9.1,8.434999999999999,0.975,9.031714363990389
decaying_epsilon,6,1325,9.1,6.5,0.875,9.031714363990389
decaying_epsilon,6,1350,8.0,6.9425,0.9,9.031714363990389
decaying_epsilon,6,1375,8.5,6.952500000000001,0.9,9.031714363990389
decaying_epsilon,6,1400,8.4,-1.29749999999999,0.6,9.031714363990389
decaying_epsilon,6,1425,8.9,7.43,0.925,9.031714363990389
decaying_epsilon,6,1450,8.5,6.0275,0.85,9.031714363990389
decaying_epsilon,6,1475,9.1,6.952500000000001,0.9,9.031714363990389
decaying_epsilon,6,1500,-13.100000000000001,-3.535000000000001,0.425,9.031714363990389
decaying_epsilon,7,1,-10.7,-11.2325,0.0,9.862146703285404
decaying_epsilon,7,25,-12.3,-10.66,0.0,9.862146703285404
decaying_epsilon,7,50,-11.2,-11.9125,0.025,9.862146703285404
decaying_epsilon,7,75,-11.700000000000001,-11.314999999999992,0.0,10.01588528934501
decaying_epsilon,7,100,-10.3,-11.904999999999987,0.0,10.01588528934501
decaying_epsilon,7,125,-10.3,-11.414999999999996,0.075,10.01588528934501
decaying_epsilon,7,150,-11.3,-13.599999999999989,0.025,10.01588528934501
decaying_epsilon,7,175,-11.3,-3.3924999999999996,0.45,10.01588528934501
decaying_epsilon,7,200,-11.5,-3.0849999999999986,0.45,9.207040745850554
decaying_epsilon,7,225,-10.5,-4.0875,0.4,9.007176501329226
decaying_epsilon,7,250,-12.8,-8.757499999999993,0.225,9.007176501329226
decaying_epsilon,7,275,-19.59999999999998,-10.707499999999982,0.0,9.007176501329226
decaying_epsilon,7,300,9.1,7.9475,0.95,9.007176501329226
decaying_epsilon,7,325,-10.2,7.952500000000001,0.95,9.007176501329226
decaying_epsilon,7,350,-10.2,7.484999999999999,0.925,9.007176501329226
decaying_epsilon,7,375,-10.9,7.472499999999999,0.925,9.007176501329226
decaying_epsilon,7,400,8.8,3.53,0.725,9.007176501329226
decaying_epsilon,7,425,9.1,6.965000000000001,0.9,9.007176501329226
decaying_epsilon,7,450,8.9,6.995,0.9,9.007176501329226
decaying_epsilon,7,475,8.8,-2.5099999999999993,0.5,9.007176501329226
decaying_epsilon,7,500,-10.2,-3.2800000000000002,0.425,9.007176501329226
decaying_epsilon,7,525,9.0,8.4325,0.975,9.007176501329226
decaying_epsilon,7,550,8.7,6.4799999999999995,0.875,9.007176501329226
decaying_epsilon,7,575,9.1,4.0875,0.75,9.007176501329226
decaying_epsilon,7,600,-10.7,-3.9099999999999993,0.425,9.007176501329226
decaying_epsilon,7,625,8.5,-2.7924999999999907,0.525,9.007176501329226
decaying_epsilon,7,650,8.9,6.05,0.85,9.007176501329226
decaying_epsilon,7,675,9.0,5.567500000000001,0.825,9.007176501329226
decaying_epsilon,7,700,8.6,6.005,0.85,9.007176501329226
decaying_epsilon,7,725,8.8,5.5125,0.825,9.007176501329226
decaying_epsilon,7,750,9.1,6.0200000000000005,0.85,9.007176501329226
decaying_epsilon,7,775,9.1,6.4925000000000015,0.875,9.007176501329226
decaying_epsilon,7,800,8.8,8.49,0.975,9.007176501329226
decaying_epsilon,7,825,-10.4,6.0525,0.85,9.007176501329226
decaying_epsilon,7,850,9.0,4.055,0.75,9.007176501329226
decaying_epsilon,7,875,-9.99999999999998,-5.937499999999997,0.375,9.007176501329226
decaying_epsilon,7,900,9.1,6.542500000000001,0.875,9.007176501329226
decaying_epsilon,7,925,8.9,6.969999999999999,0.9,9.007176501329226
decaying_epsilon,7,950,8.9,5.550000000000001,0.825,9.007176501329226
decaying_epsilon,7,975,-10.5,6.015000000000001,0.85,9.007176501329226
decaying_epsilon,7,1000,9.0,6.5525,0.875,9.007176501329226
decaying_epsilon,7,1025,8.7,6.482499999999999,0.875,9.007176501329226
decaying_epsilon,7,1050,0.8000000000000167,-10.809999999999986,0.1,9.007176501329226
decaying_epsilon,7,1075,8.9,7.027500000000001,0.9,9.007176501329226
decaying_epsilon,7,1100,9.1,7.955000000000001,0.95,9.007176501329226
decaying_epsilon,7,1125,8.9,5.535000000000001,0.825,9.007176501329226
decaying_epsilon,7,1150,9.0,4.61,0.775,9.007176501329226
decaying_epsilon,7,1175,9.1,6.9975000000000005,0.9,9.007176501329226
decaying_epsilon,7,1200,8.9,7.445,0.925,9.007176501329226
decaying_epsilon,7,1225,-10.2,6.015,0.85,9.007176501329226
decaying_epsilon,7,1250,9.1,4.035,0.75,9.007176501329226
decaying_epsilon,7,1275,8.9,5.03,0.8,9.007176501329226
decaying_epsilon,7,1300,8.9,4.532500000000001,0.775,9.007176501329226
decaying_epsilon,7,1325,9.1,7.9625,0.95,9.007176501329226
decaying_epsilon,7,1350,-10.4,5.5125,0.825,9.007176501329226
decaying_epsilon,7,1375,-10.9,5.5075,0.825,9.007176501329226
decaying_epsilon,7,1400,9.1,6.965000000000001,0.9,9.007176501329226
decaying_epsilon,7,1425,-10.2,5.5200000000000005,0.825,9.007176501329226
decaying_epsilon,7,1450,9.1,7.9625,0.95,9.007176501329226
decaying_epsilon,7,1475,9.0,8.0175,0.95,9.007176501329226
decaying_epsilon,7,1500,-11.3,3.565,0.725,9.007176501329226
decaying_epsilon,8,1,-10.8,-11.4625,0.0,9.862146703285404
decaying_epsilon,8,25,-11.0,-11.25749999999999,0.1,9.862146703285404
decaying_epsilon,8,50,-11.2,-11.39,0.05,9.862146703285404
decaying_epsilon,8,75,-10.2,-11.997499999999993,0.025,9.862146703285404
decaying_epsilon,8,100,-12.100000000000001,-13.714999999999998,0.0,9.862146703285404
decaying_epsilon,8,125,-11.5,-13.277499999999993,0.025,9.862146703285404
decaying_epsilon,8,150,-10.9,-11.379999999999997,0.05,9.862146703285404
decaying_epsilon,8,175,7.799999999999999,-9.307499999999994,0.2,9.862146703285404
decaying_epsilon,8,200,-10.9,-3.254999999999997,0.5,9.862146703285404
decaying_epsilon,8,225,-11.1,5.0725,0.8,9.256397488990388
decaying_epsilon,8,250,-10.3,-2.3924999999999996,0.5,9.256397488990388
decaying_epsilon,8,275,8.9,5.9675,0.85,9.256397488990388
decaying_epsilon,8,300,8.9,7.7575,0.95,9.256397488990388
decaying_epsilon,8,325,8.9,8.502500000000001,0.975,9.256397488990388
decaying_epsilon,8,350,8.8,6.9975,0.9,9.256397488990388
decaying_epsilon,8,375,9.0,6.975,0.9,9.256397488990388
decaying_epsilon,8,400,7.8999999999999995,6.515000000000001,0.875,9.256397488990388
decaying_epsilon,8,425,9.0,7.470000000000001,0.925,9.256397488990388
decaying_epsilon,8,450,-10.8,7.5,0.925,9.256397488990388
decaying_epsilon,8,475,9.0,6.9475,0.9,9.256397488990388
decaying_epsilon,8,500,9.0,8.4625,0.975,9.256397488990388
decaying_epsilon,8,525,0.3000000000000185,-3.077499999999989,0.5,9.256397488990388
decaying_epsilon,8,550,8.5,3.4549999999999996,0.725,9.256397488990388
decaying_epsilon,8,575,6.699999999999998,-1.632499999999999,0.525,9.256397488990388
decaying_epsilon,8,600,-10.8,1.397500000000003,0.725,9.256397488990388
decaying_epsilon,8,625,-10.4,6.494999999999999,0.875,9.256397488990388
decaying_epsilon,8,650,9.1,7.9275,0.95,9.256397488990388
decaying_epsilon,8,675,8.5,7.532499999999999,0.925,9.256397488990388
decaying_epsilon,8,700,9.1,8.9225,1.0,9.256397488990388
decaying_epsilon,8,725,9.1,4.6075,0.775,9.256397488990388
decaying_epsilon,8,750,8.9,5.9825,0.85,9.256397488990388
decaying_epsilon,8,775,9.1,5.98,0.85,9.256397488990388
decaying_epsilon,8,800,8.7,7.045,0.9,9.256397488990388
decaying_epsilon,8,825,8.5,6.484999999999999,0.875,9.256397488990388
decaying_epsilon,8,850,-10.6,7.495,0.925,9.256397488990388
decaying_epsilon,8,875,8.7,6.95,0.9,9.256397488990388
decaying_epsilon,8,900,9.1,7.9475,0.95,9.256397488990388
decaying_epsilon,8,925,8.7,8.4425,0.975,9.256397488990388
decaying_epsilon,8,950,8.8,6.0325,0.85,9.256397488990388
decaying_epsilon,8,975,9.0,7.470000000000001,0.925,9.256397488990388
decaying_epsilon,8,1000,9.1,6.4975,0.875,9.256397488990388
decaying_epsilon,8,1025,9.0,7.44,0.925,9.256397488990388
decaying_epsilon,8,1050,8.9,6.515000000000001,0.875,9.256397488990388
decaying_epsilon,8,1075,9.1,4.51,0.775,9.256397488990388
decaying_epsilon,8,1100,8.9,8.0025,0.95,9.256397488990388
decaying_epsilon,8,1125,8.7,7.407500000000001,0.925,9.256397488990388
decaying_epsilon,8,1150,9.1,7.0025,0.9,9.256397488990388
decaying_epsilon,8,1175,9.1,7.9925000000000015,0.95,9.256397488990388
decaying_epsilon,8,1200,9.0,4.9775,0.8,9.256397488990388
decaying_epsilon,8,1225,8.4,7.945,0.95,9.256397488990388
decaying_epsilon,8,1250,9.0,7.505,0.925,9.256397488990388
decaying_epsilon,8,1275,9.1,7.969999999999999,0.95,9.256397488990388
decaying_epsilon,8,1300,8.7,7.477500000000001,0.925,9.256397488990388
decaying_epsilon,8,1325,-10.4,7.019999999999999,0.9,9.256397488990388
decaying_epsilon,8,1350,8.9,7.5024999999999995,0.925,9.256397488990388
decaying_epsilon,8,1375,-10.7,7.9375,0.95,9.256397488990388
decaying_epsilon,8,1400,8.7,8.4575,0.975,9.256397488990388
decaying_epsilon,8,1425,9.0,8.4575,0.975,9.256397488990388
decaying_epsilon,8,1450,9.1,4.495,0.775,9.256397488990388
decaying_epsilon,8,1475,8.6,7.957499999999999,0.95,9.256397488990388
decaying_epsilon,8,1500,8.5,6.955,0.9,9.256397488990388
decaying_epsilon,9,1,-12.4,-12.8075,0.0,9.862146703285404
decaying_epsilon,9,25,-11.5,-10.754999999999999,0.0,9.862146703285404
decaying_epsilon,9,50,-10.3,-12.819999999999999,0.0,9.862146703285404
decaying_epsilon,9,75,-15.099999999999998,-9.6675,0.075,9.862146703285404
decaying_epsilon,9,100,-10.5,-11.777499999999998,0.025,9.862146703285404
decaying_epsilon,9,125,-11.9,-12.87,0.0,9.862146703285404
decaying_epsilon,9,150,-11.8,-3.907499999999999,0.425,9.862146703285404
decaying_epsilon,9,175,-12.0,-12.379999999999985,0.0,9.228647488990388
decaying_epsilon,9,200,-16.89999999999999,-10.939999999999987,0.125,9.84503528934501
decaying_epsilon,9,225,8.6,2.9750000000000005,0.7,9.263312789345008
decaying_epsilon,9,250,7.8999999999999995,-3.3349999999999986,0.5,9.207040745850554
decaying_epsilon,9,275,-13.500000000000002,-10.527499999999982,0.025,9.207040745850554
decaying_epsilon,9,300,6.799999999999999,5.550000000000001,0.825,9.012112881681663
decaying_epsilon,9,325,-14.200000000000001,-1.659999999999993,0.625,9.012112881681663
decaying_epsilon,9,350,8.7,7.8549999999999995,0.95,8.471292451860005
decaying_epsilon,9,375,8.299999999999999,6.972499999999999,0.9,8.259221792997288
decaying_epsilon,9,400,8.5,6.010000000000001,0.85,8.259221792997288
decaying_epsilon,9,425,8.9,7.9325,0.95,8.259221792997288
decaying_epsilon,9,450,9.0,7.9174999999999995,0.95,8.259221792997288
decaying_epsilon,9,475,8.6,6.93,0.9,8.259221792997288
decaying_epsilon,9,500,9.1,7.0200000000000005,0.9,8.259221792997288
decaying_epsilon,9,525,8.4,7.4449999999999985,0.925,8.259221792997288
decaying_epsilon,9,550,9.0,7.545,0.925,8.259221792997288
decaying_epsilon,9,575,9.1,8.37,0.975,8.259221792997288
decaying_epsilon,9,600,8.8,6.9325,0.9,8.259221792997288
decaying_epsilon,9,625,8.9,7.9475,0.95,8.259221792997288
decaying_epsilon,9,650,9.1,7.432499999999999,0.925,8.259221792997288
decaying_epsilon,9,675,8.8,5.45,0.825,8.259221792997288
decaying_epsilon,9,700,-10.3,7.9449999999999985,0.95,8.259221792997288
decaying_epsilon,9,725,9.1,7.942499999999998,0.95,8.259221792997288
decaying_epsilon,9,750,8.7,7.4449999999999985,0.925,8.259221792997288
decaying_epsilon,9,775,9.1,3.285000000000005,0.825,8.259221792997288
decaying_epsilon,9,800,8.9,7.959999999999999,0.95,8.259221792997288
decaying_epsilon,9,825,-11.0,5.5175,0.825,8.259221792997288
decaying_epsilon,9,850,8.7,7.4174999999999995,0.925,8.259221792997288
decaying_epsilon,9,875,9.1,7.909999999999999,0.95,8.259221792997288
decaying_epsilon,9,900,8.8,7.5025,0.925,8.259221792997288
decaying_epsilon,9,925,9.1,6.9625,0.9,8.259221792997288
decaying_epsilon,9,950,9.0,8.9275,1.0,8.259221792997288
decaying_epsilon,9,975,9.1,6.01,0.85,8.259221792997288
decaying_epsilon,9,1000,8.8,7.4625,0.925,8.259221792997288
decaying_epsilon,9,1025,8.7,8.440000000000001,0.975,8.259221792997288
decaying_epsilon,9,1050,8.8,7.959999999999999,0.95,8.259221792997288
decaying_epsilon,9,1075,8.9,7.902500000000001,0.95,8.259221792997288
decaying_epsilon,9,1100,8.4,7.905000000000001,0.95,8.259221792997288
decaying_epsilon,9,1125,8.8,6.9275,0.9,8.259221792997288
decaying_epsilon,9,1150,9.0,8.4425,0.975,8.259221792997288
decaying_epsilon,9,1175,9.1,3.280000000000001,0.825,8.259221792997288
decaying_epsilon,9,1200,8.9,7.9,0.95,8.259221792997288
decaying_epsilon,9,1225,-12.0,3.2400000000000007,0.825,8.259221792997288
decaying_epsilon,9,1250,8.9,6.0025,0.85,8.259221792997288
decaying_epsilon,9,1275,9.1,8.4625,0.975,8.259221792997288
decaying_epsilon,9,1300,-11.3,7.44,0.925,8.259221792997288
decaying_epsilon,9,1325,9.0,7.9875,0.95,8.259221792997288
decaying_epsilon,9,1350,8.7,7.904999999999999,0.95,8.259221792997288
decaying_epsilon,9,1375,8.9,7.447500000000001,0.925,8.259221792997288
decaying_epsilon,9,1400,-9.99999999999998,-10.14249999999998,0.0,8.259221792997288
decaying_epsilon,9,1425,9.0,7.779999999999999,0.95,8.259221792997288
decaying_epsilon,9,1450,8.9,7.4300000000000015,0.925,8.259221792997288
decaying_epsilon,9,1475,9.1,7.409999999999999,0.925,8.259221792997288
decaying_epsilon,9,1500,-10.5,-10.00749999999998,0.0,8.259221792997288
softmax,0,1,-10.2,-11.77,0.0,9.862146703285404
softmax,0,25,-10.3,-12.725,0.025,9.862146703285404
softmax,0,50,8.1,-6.822499999999996,0.4,9.85706987889427
softmax,0,75,-13.400000000000002,6.0024999999999995,0.85,9.267234988990388
softmax,0,100,-11.2,7.9425,0.95,9.267234988990388
softmax,0,125,-9.99999999999998,-10.192499999999985,0.05,9.267234988990388
softmax,0,150,-10.2,-5.299999999999995,0.425,9.267234988990388
softmax,0,175,-11.3,-9.732499999999984,0.1,9.267234988990388
softmax,0,200,5.4,7.975,0.95,9.267234988990388
softmax,0,225,8.9,7.4575000000000005,0.925,9.267234988990388
softmax,0,250,9.0,8.01,0.95,9.267234988990388
softmax,0,275,9.1,6.459999999999999,0.875,9.267234988990388
softmax,0,300,8.6,7.5125,0.925,9.267234988990388
softmax,0,325,9.0,7.455,0.925,9.267234988990388
softmax,0,350,8.9,8.485,0.975,9.267234988990388
softmax,0,375,9.1,7.01,0.9,9.267234988990388
softmax,0,400,8.9,7.932499999999999,0.95,9.267234988990388
softmax,0,425,9.1,8.434999999999999,0.975,9.267234988990388
softmax,0,450,9.0,6.925,0.9,9.267234988990388
softmax,0,475,9.0,7.0024999999999995,0.9,9.267234988990388
softmax,0,500,9.1,6.915000000000001,0.9,9.267234988990388
softmax,0,525,9.1,6.467500000000001,0.875,9.267234988990388
softmax,0,550,9.1,6.9825,0.9,9.267234988990388
softmax,0,575,9.1,6.44,0.875,9.267234988990388
softmax,0,600,-10.3,4.4925,0.775,9.267234988990388
softmax,0,625,-10.3,6.5074999999999985,0.875,9.267234988990388
softmax,0,650,9.0,6.9425,0.9,9.267234988990388
softmax,0,675,9.1,8.434999999999999,0.975,9.267234988990388
softmax,0,700,8.7,7.975,0.95,9.267234988990388
softmax,0,725,8.7,7.975,0.95,9.267234988990388
softmax,0,750,8.8,6.975,0.9,9.267234988990388
softmax,0,775,-10.8,7.970000000000001,0.95,9.267234988990388
softmax,0,800,9.1,8.469999999999999,0.975,9.267234988990388
softmax,0,825,9.0,6.947500000000001,0.9,9.267234988990388
softmax,0,850,9.1,6.9449999999999985,0.9,9.267234988990388
softmax,0,875,8.5,8.89,1.0,9.267234988990388
softmax,0,900,9.0,6.960000000000001,0.9,9.267234988990388
softmax,0,925,9.1,7.977500000000001,0.95,9.267234988990388
softmax,0,950,8.9,7.9575000000000005,0.95,9.267234988990388
softmax,0,975,9.1,7.967499999999999,0.95,9.267234988990388
softmax,0,1000,9.1,6.529999999999999,0.875,9.267234988990388
softmax,0,1025,8.9,7.484999999999999,0.925,9.267234988990388
softmax,0,1050,8.5,7.0025,0.9,9.267234988990388
softmax,0,1075,9.1,6.495,0.875,9.267234988990388
softmax,0,1100,9.0,6.9425,0.9,9.267234988990388
softmax,0,1125,8.5,7.547499999999999,0.925,9.267234988990388
softmax,0,1150,8.9,8.482499999999998,0.975,9.267234988990388
softmax,0,1175,8.8,6.880000000000001,0.9,9.267234988990388
softmax,0,1200,9.0,6.470000000000001,0.875,9.267234988990388
softmax,0,1225,9.1,6.0575,0.85,9.267234988990388
softmax,0,1250,9.1,8.0125,0.95,9.267234988990388
softmax,0,1275,9.1,6.519999999999999,0.875,9.267234988990388
softmax,0,1300,9.1,6.472499999999999,0.875,9.267234988990388
softmax,0,1325,8.5,6.9825,0.9,9.267234988990388
softmax,0,1350,9.1,5.987500000000001,0.85,9.267234988990388
softmax,0,1375,-10.5,7.935,0.95,9.267234988990388
softmax,0,1400,8.9,8.930000000000001,1.0,9.267234988990388
softmax,0,1425,9.1,6.967500000000001,0.9,9.267234988990388
softmax,0,1450,8.9,6.0325,0.85,9.267234988990388
softmax,0,1475,8.8,6.984999999999999,0.9,9.267234988990388
softmax,0,1500,9.1,7.472499999999999,0.925,9.267234988990388
softmax,1,1,-10.4,-11.7475,0.0,9.862146703285404
softmax,1,25,-12.200000000000001,-12.757499999999997,0.0,9.862146703285404
softmax,1,50,-10.5,-9.164999999999997,0.175,9.862146703285404
softmax,1,75,-14.3,0.9725000000000044,0.7,9.468182254907571
softmax,1,100,-11.0,0.3675000000000001,0.65,9.468182254907571
softmax,1,125,-12.5,-12.204999999999995,0.075,9.256397488990388
softmax,1,150,8.2,5.029999999999999,0.8,9.256397488990388
softmax,1,175,7.6,-9.284999999999984,0.1,9.256397488990388
softmax,1,200,9.1,5.5275,0.825,9.256397488990388
softmax,1,225,9.1,5.5075,0.825,9.256397488990388
softmax,1,250,-11.0,6.925,0.9,9.256397488990388
softmax,1,275,9.1,7.99,0.95,9.256397488990388
softmax,1,300,9.1,7.955,0.95,9.256397488990388
softmax,1,325,8.7,6.422499999999999,0.875,9.256397488990388
softmax,1,350,9.0,7.952500000000001,0.95,9.256397488990388
softmax,1,375,8.6,7.5125,0.925,9.256397488990388
softmax,1,400,9.1,6.375,0.875,9.256397488990388
softmax,1,425,9.0,7.529999999999999,0.925,9.256397488990388
softmax,1,450,9.0,8.934999999999999,1.0,9.256397488990388
softmax,1,475,8.8,7.9625,0.95,9.256397488990388
softmax,1,500,8.9,7.034999999999999,0.9,9.256397488990388
softmax,1,525,8.8,7.477500000000001,0.925,9.256397488990388
softmax,1,550,9.0,7.897500000000001,0.95,9.256397488990388
softmax,1,575,-11.0,7.477500000000001,0.925,9.256397488990388
softmax,1,600,8.8,7.4700000000000015,0.925,9.256397488990388
softmax,1,625,9.0,7.982499999999999,0.95,9.256397488990388
softmax,1,650,9.1,8.4625,0.975,9.256397488990388
softmax,1,675,9.0,6.9825,0.9,9.256397488990388
softmax,1,700,8.8,7.425,0.925,9.256397488990388
softmax,1,725,9.1,6.975,0.9,9.256397488990388
softmax,1,750,8.9,7.5,0.925,9.256397488990388
softmax,1,775,9.0,6.925,0.9,9.256397488990388
softmax,1,800,8.9,6.02,0.85,9.256397488990388
softmax,1,825,9.1,8.415,0.975,9.256397488990388
softmax,1,850,9.1,7.455000000000001,0.925,9.256397488990388
softmax,1,875,9.0,7.5075,0.925,9.256397488990388
softmax,1,900,9.1,8.4825,0.975,9.256397488990388
softmax,1,925,8.8,7.505,0.925,9.256397488990388
softmax,1,950,8.9,6.475,0.875,9.256397488990388
softmax,1,975,9.1,8.4625,0.975,9.256397488990388
softmax,1,1000,9.1,7.9925000000000015,0.95,9.256397488990388
softmax,1,1025,9.1,7.99,0.95,9.256397488990388
softmax,1,1050,9.1,7.015000000000001,0.9,9.256397488990388
softmax,1,1075,9.1,7.484999999999999,0.925,9.256397488990388
softmax,1,1100,9.0,8.4575,0.975,9.256397488990388
softmax,1,1125,9.1,8.9475,1.0,9.256397488990388
softmax,1,1150,-10.3,7.465000000000001,0.925,9.256397488990388
softmax,1,1175,9.1,7.527500000000001,0.925,9.256397488990388
softmax,1,1200,8.6,7.4575000000000005,0.925,9.256397488990388
softmax,1,1225,9.1,5.085,0.8,9.256397488990388
softmax,1,1250,8.7,7.409999999999999,0.925,9.256397488990388
softmax,1,1275,8.6,8.45,0.975,9.256397488990388
softmax,1,1300,9.1,5.485,0.825,9.256397488990388
softmax,1,1325,8.7,8.445,0.975,9.256397488990388
softmax,1,1350,9.0,5.475,0.825,9.256397488990388
softmax,1,1375,8.6,7.470000000000001,0.925,9.256397488990388
softmax,1,1400,8.9,7.475,0.925,9.256397488990388
softmax,1,1425,9.1,6.5125,0.875,9.256397488990388
softmax,1,1450,9.0,7.459999999999999,0.925,9.256397488990388
softmax,1,1475,9.1,7.932499999999999,0.95,9.256397488990388
softmax,1,1500,9.1,6.545,0.875,9.256397488990388
softmax,2,1,-10.7,-12.5825,0.0,9.862146703285404
softmax,2,25,-11.9,-11.469999999999999,0.025,9.84206987889427
softmax,2,50,-12.100000000000001,-4.984999999999999,0.3,9.84206987889427
softmax,2,75,7.099999999999999,-10.462499999999995,0.175,10.026722789345008
softmax,2,100,-10.6,5.24,0.825,10.026722789345008
softmax,2,125,8.6,-8.964999999999984,0.125,10.026722789345008
softmax,2,150,-13.400000000000002,-10.18749999999998,0.025,10.026722789345008
softmax,2,175,7.799999999999999,-10.384999999999991,0.15,9.813184664345009
softmax,2,200,8.7,2.6125,0.775,9.813184664345009
softmax,2,225,8.9,4.1125,0.75,9.813184664345009
softmax,2,250,-10.7,4.5200000000000005,0.775,9.813184664345009
softmax,2,275,9.1,6.484999999999999,0.875,9.813184664345009
softmax,2,300,9.0,6.542500000000001,0.875,9.813184664345009
softmax,2,325,-11.2,4.555000000000001,0.775,9.813184664345009
softmax,2,350,8.9,5.5875,0.825,9.813184664345009
softmax,2,375,9.1,2.15,0.65,9.813184664345009
softmax,2,400,7.799999999999999,2.64,0.675,9.813184664345009
softmax,2,425,9.1,3.585,0.725,9.813184664345009
softmax,2,450,8.7,5.5975,0.825,9.813184664345009
softmax,2,475,-10.5,4.6,0.775,9.813184664345009
softmax,2,500,-10.3,5.595000000000001,0.825,9.813184664345009
softmax,2,525,9.1,7.0,0.9,9.813184664345009
softmax,2,550,9.1,3.5724999999999993,0.725,9.813184664345009
softmax,2,575,9.1,7.017500000000001,0.9,9.813184664345009
softmax,2,600,9.1,3.999999999999999,0.75,9.813184664345009
softmax,2,625,8.6,7.4449999999999985,0.925,9.813184664345009
softmax,2,650,9.1,4.56,0.775,9.813184664345009
softmax,2,675,9.1,6.525,0.875,9.813184664345009
softmax,2,700,8.5,4.484999999999999,0.775,9.813184664345009
softmax,2,725,9.1,3.5724999999999993,0.725,9.813184664345009
softmax,2,750,8.9,5.077499999999999,0.8,9.813184664345009
softmax,2,775,-10.2,6.522499999999999,0.875,9.813184664345009
softmax,2,800,9.1,4.0575,0.75,9.813184664345009
softmax,2,825,8.7,6.534999999999999,0.875,9.813184664345009
softmax,2,850,9.1,5.5200000000000005,0.825,9.813184664345009
softmax,2,875,9.1,5.0525,0.8,9.813184664345009
softmax,2,900,9.1,4.56,0.775,9.813184664345009
softmax,2,925,9.1,7.5075,0.925,9.813184664345009
softmax,2,950,9.1,6.5200000000000005,0.875,9.813184664345009
softmax,2,975,8.5,7.0375,0.9,9.813184664345009
softmax,2,1000,9.1,5.532500000000001,0.825,9.813184664345009
softmax,2,1025,9.1,3.05,0.7,9.813184664345009
softmax,2,1050,-10.3,6.0,0.85,9.813184664345009
softmax,2,1075,-10.7,5.0424999999999995,0.8,9.813184664345009
softmax,2,1100,9.1,4.545,0.775,9.813184664345009
softmax,2,1125,-10.6,4.9799999999999995,0.8,9.813184664345009
softmax,2,1150,9.1,5.5275,0.825,9.813184664345009
softmax,2,1175,9.1,6.57,0.875,9.813184664345009
softmax,2,1200,9.1,5.034999999999999,0.8,9.813184664345009
softmax,2,1225,8.9,6.515000000000001,0.875,9.813184664345009
softmax,2,1250,9.1,6.5175,0.875,9.813184664345009
softmax,2,1275,9.1,5.535,0.825,9.813184664345009
softmax,2,1300,8.9,5.6,0.825,9.813184664345009
softmax,2,1325,-10.3,5.0675,0.8,9.813184664345009
softmax,2,1350,8.9,4.5649999999999995,0.775,9.813184664345009
softmax,2,1375,8.6,6.035000000000001,0.85,9.813184664345009
softmax,2,1400,9.1,5.585,0.825,9.813184664345009
softmax,2,1425,9.1,5.5525,0.825,9.813184664345009
softmax,2,1450,8.7,6.0175,0.85,9.813184664345009
softmax,2,1475,8.9,5.527500000000001,0.825,9.813184664345009
softmax,2,1500,-10.5,6.517500000000001,0.875,9.813184664345009
softmax,3,1,-13.900000000000002,-11.285,0.0,9.862146703285404
softmax,3,25,-11.4,-12.784999999999991,0.025,9.862146703285404
softmax,3,50,-11.6,-8.34999999999999,0.25,9.228647488990388
softmax,3,75,7.499999999999999,-10.962499999999997,0.1,9.228647488990388
softmax,3,100,8.1,-7.952499999999998,0.25,9.228647488990388
softmax,3,125,-10.6,6.477500000000001,0.875,9.228647488990388
softmax,3,150,-11.6,-8.062499999999986,0.175,9.228647488990388
softmax,3,175,8.5,2.565000000000002,0.775,9.228647488990388
softmax,3,200,-11.1,8.440000000000001,0.975,9.228647488990388
softmax,3,225,9.1,7.43,0.925,9.228647488990388
softmax,3,250,8.8,5.547499999999999,0.825,9.228647488990388
softmax,3,275,8.8,6.529999999999999,0.875,9.228647488990388
softmax,3,300,9.1,5.57,0.825,9.228647488990388
softmax,3,325,-10.8,7.555,0.925,9.228647488990388
softmax,3,350,-10.2,6.5024999999999995,0.875,9.228647488990388
softmax,3,375,9.1,8.407499999999999,0.975,9.228647488990388
softmax,3,400,-10.7,6.0525,0.85,9.228647488990388
softmax,3,425,8.6,7.5375,0.925,9.228647488990388
softmax,3,450,8.9,5.5625,0.825,9.228647488990388
softmax,3,475,8.8,6.4925,0.875,9.228647488990388
softmax,3,500,-10.5,5.49,0.825,9.228647488990388
softmax,3,525,9.1,7.0025,0.9,9.228647488990388
softmax,3,550,9.1,6.5,0.875,9.228647488990388
softmax,3,575,9.1,6.007499999999999,0.85,9.228647488990388
softmax,3,600,8.9,6.5075,0.875,9.228647488990388
softmax,3,625,9.1,4.455,0.775,9.228647488990388
softmax,3,650,9.1,7.5075,0.925,9.228647488990388
softmax,3,675,-10.7,6.0525,0.85,9.228647488990388
softmax,3,700,9.1,5.0424999999999995,0.8,9.228647488990388
softmax,3,725,8.6,4.975,0.8,9.228647488990388
softmax,3,750,8.8,4.5649999999999995,0.775,9.228647488990388
softmax,3,775,9.1,6.445,0.875,9.228647488990388
softmax,3,800,8.9,2.6399999999999997,0.675,9.228647488990388
softmax,3,825,9.1,6.99,0.9,9.228647488990388
softmax,3,850,9.0,4.57,0.775,9.228647488990388
softmax,3,875,9.1,6.0425,0.85,9.228647488990388
softmax,3,900,9.0,6.9925000000000015,0.9,9.228647488990388
softmax,3,925,8.9,7.922499999999999,0.95,9.228647488990388
softmax,3,950,9.1,6.032500000000001,0.85,9.228647488990388
softmax,3,975,8.9,6.975,0.9,9.228647488990388
softmax,3,1000,9.1,5.032500000000001,0.8,9.228647488990388
softmax,3,1025,8.9,6.515000000000001,0.875,9.228647488990388
softmax,3,1050,9.1,6.0125,0.85,9.228647488990388
softmax,3,1075,9.1,7.904999999999999,0.95,9.228647488990388
softmax,3,1100,8.9,6.04,0.85,9.228647488990388
softmax,3,1125,9.0,4.534999999999999,0.775,9.228647488990388
softmax,3,1150,8.9,6.525,0.875,9.228647488990388
softmax,3,1175,8.9,6.495,0.875,9.228647488990388
softmax,3,1200,8.9,7.0025,0.9,9.228647488990388
softmax,3,1225,9.1,6.035000000000001,0.85,9.228647488990388
softmax,3,1250,8.8,4.9925,0.8,9.228647488990388
softmax,3,1275,9.0,7.047499999999999,0.9,9.228647488990388
softmax,3,1300,8.8,7.015000000000001,0.9,9.228647488990388
softmax,3,1325,9.1,6.0925,0.85,9.228647488990388
softmax,3,1350,9.1,7.032499999999999,0.9,9.228647488990388
softmax,3,1375,9.0,7.017500000000001,0.9,9.228647488990388
softmax,3,1400,8.9,5.53,0.825,9.228647488990388
softmax,3,1425,8.8,6.525,0.875,9.228647488990388
softmax,3,1450,9.0,6.515000000000001,0.875,9.228647488990388
softmax,3,1475,9.1,5.0275,0.8,9.228647488990388
softmax,3,1500,9.1,7.019999999999999,0.9,9.228647488990388
softmax,4,1,-12.4,-10.844999999999999,0.0,9.862146703285404
softmax,4,25,-12.3,-12.727499999999997,0.0,9.862146703285404
softmax,4,50,-11.2,-11.274999999999993,0.1,9.84206987889427
softmax,4,75,-11.6,-9.647499999999997,0.15,9.228647488990388
softmax,4,100,-11.4,3.7175000000000025,0.85,9.228647488990388
softmax,4,125,-12.8,-0.13999999999999252,0.65,9.228647488990388
softmax,4,150,8.5,3.9750000000000014,0.825,9.228647488990388
softmax,4,175,9.0,6.555,0.875,9.228647488990388
softmax,4,200,8.8,6.032500000000001,0.85,9.228647488990388
softmax,4,225,8.6,3.9924999999999997,0.75,9.228647488990388
softmax,4,250,8.9,6.0475,0.85,9.228647488990388
softmax,4,275,9.0,5.032500000000001,0.8,9.228647488990388
softmax,4,300,9.1,6.0675,0.85,9.228647488990388
softmax,4,325,8.8,4.9925,0.8,9.228647488990388
softmax,4,350,8.9,6.9475,0.9,9.228647488990388
softmax,4,375,8.4,7.970000000000001,0.95,9.228647488990388
softmax,4,400,8.9,6.970000000000001,0.9,9.228647488990388
softmax,4,425,9.1,5.5424999999999995,0.825,9.228647488990388
softmax,4,450,-10.9,3.5175000000000005,0.725,9.228647488990388
softmax,4,475,8.6,6.5675,0.875,9.228647488990388
softmax,4,500,9.1,6.995000000000002,0.9,9.228647488990388
softmax,4,525,9.1,5.985,0.85,9.228647488990388
softmax,4,550,9.1,6.522499999999999,0.875,9.228647488990388
softmax,4,575,8.9,6.015,0.85,9.228647488990388
softmax,4,600,-10.8,6.984999999999999,0.9,9.228647488990388
softmax,4,625,9.0,3.5075000000000003,0.725,9.228647488990388
softmax,4,650,9.0,4.032500000000001,0.75,9.228647488990388
softmax,4,675,9.1,7.5125,0.925,9.228647488990388
softmax,4,700,9.0,5.572500000000001,0.825,9.228647488990388
softmax,4,725,8.9,6.5200000000000005,0.875,9.228647488990388
softmax,4,750,9.0,6.0025,0.85,9.228647488990388
softmax,4,775,9.0,6.94,0.9,9.228647488990388
softmax,4,800,8.5,6.4825,0.875,9.228647488990388
softmax,4,825,9.1,5.5225,0.825,9.228647488990388
softmax,4,850,9.1,7.4625,0.925,9.228647488990388
softmax,4,875,8.9,6.0125,0.85,9.228647488990388
softmax,4,900,-10.3,6.0075,0.85,9.228647488990388
softmax,4,925,9.1,6.4475,0.875,9.228647488990388
softmax,4,950,9.1,6.460000000000001,0.875,9.228647488990388
softmax,4,975,8.9,6.5424999999999995,0.875,9.228647488990388
softmax,4,1000,8.8,6.540000000000001,0.875,9.228647488990388
softmax,4,1025,8.9,7.977500000000001,0.95,9.228647488990388
softmax,4,1050,8.4,7.479999999999999,0.925,9.228647488990388
softmax,4,1075,8.8,5.49,0.825,9.228647488990388
softmax,4,1100,8.9,7.4925,0.925,9.228647488990388
softmax,4,1125,9.1,7.505000000000001,0.925,9.228647488990388
softmax,4,1150,8.4,6.005,0.85,9.228647488990388
softmax,4,1175,-10.8,6.0024999999999995,0.85,9.228647488990388
softmax,4,1200,9.1,7.4425,0.925,9.228647488990388
softmax,4,1225,9.0,6.51,0.875,9.228647488990388
softmax,4,1250,9.0,5.0625,0.8,9.228647488990388
softmax,4,1275,8.8,7.005000000000001,0.9,9.228647488990388
softmax,4,1300,8.9,6.0424999999999995,0.85,9.228647488990388
softmax,4,1325,-10.3,6.9625,0.9,9.228647488990388
softmax,4,1350,9.1,6.032500000000001,0.85,9.228647488990388
softmax,4,1375,9.1,6.9174999999999995,0.9,9.228647488990388
softmax,4,1400,-10.8,7.522500000000001,0.925,9.228647488990388
softmax,4,1425,9.1,6.9475,0.9,9.228647488990388
softmax,4,1450,9.1,5.470000000000001,0.825,9.228647488990388
softmax,4,1475,9.1,4.06,0.75,9.228647488990388
softmax,4,1500,8.9,6.525,0.875,9.228647488990388
softmax,5,1,-10.5,-10.4475,0.025,9.862146703285404
softmax,5,25,-14.200000000000001,-10.455,0.0,9.862146703285404
softmax,5,50,-19.099999999999984,4.505,0.775,9.256397488990388
softmax,5,75,-13.100000000000001,3.0975000000000006,0.775,9.256397488990388
softmax,5,100,8.299999999999999,6.2,0.875,9.256397488990388
softmax,5,125,-11.9,-5.219999999999999,0.4,9.256397488990388
softmax,5,150,8.7,8.0125,0.95,9.256397488990388
softmax,5,175,8.6,6.0424999999999995,0.85,9.256397488990388
softmax,5,200,9.1,7.51,0.925,9.256397488990388
softmax,5,225,9.0,5.0725,0.8,9.256397488990388
softmax,5,250,8.7,7.9425,0.95,9.256397488990388
softmax,5,275,-10.8,5.084999999999999,0.8,9.256397488990388
softmax,5,300,-10.2,6.959999999999999,0.9,9.256397488990388
softmax,5,325,9.0,6.5125,0.875,9.256397488990388
softmax,5,350,9.1,6.5575,0.875,9.256397488990388
softmax,5,375,9.0,6.4975000000000005,0.875,9.256397488990388
softmax,5,400,9.1,6.529999999999999,0.875,9.256397488990388
softmax,5,425,8.7,4.075,0.75,9.256397488990388
softmax,5,450,-10.4,5.505000000000001,0.825,9.256397488990388
softmax,5,475,9.1,6.010000000000001,0.85,9.256397488990388
softmax,5,500,8.8,6.065,0.85,9.256397488990388
softmax,5,525,9.1,7.467499999999999,0.925,9.256397488990388
softmax,5,550,-10.8,3.085,0.7,9.256397488990388
softmax,5,575,9.0,6.0575,0.85,9.256397488990388
softmax,5,600,8.9,4.515,0.775,9.256397488990388
softmax,5,625,9.1,6.4875,0.875,9.256397488990388
softmax,5,650,-10.7,6.527500000000001,0.875,9.256397488990388
softmax,5,675,9.1,6.06,0.85,9.256397488990388
softmax,5,700,9.1,5.065,0.8,9.256397488990388
softmax,5,725,-10.9,7.015000000000001,0.9,9.256397488990388
softmax,5,750,8.7,7.415000000000001,0.925,9.256397488990388
softmax,5,775,9.0,5.59,0.825,9.256397488990388
softmax,5,800,8.8,5.025,0.8,9.256397488990388
softmax,5,825,8.7,6.984999999999999,0.9,9.256397488990388
softmax,5,850,8.9,7.475,0.925,9.256397488990388
softmax,5,875,8.9,4.557500000000001,0.775,9.256397488990388
softmax,5,900,-10.4,4.5175,0.775,9.256397488990388
softmax,5,925,-10.2,5.51,0.825,9.256397488990388
softmax,5,950,9.1,6.0024999999999995,0.85,9.256397488990388
softmax,5,975,-10.2,7.027500000000001,0.9,9.256397488990388
softmax,5,1000,9.1,4.595000000000001,0.775,9.256397488990388
softmax,5,1025,8.7,6.977500000000001,0.9,9.256397488990388
softmax,5,1050,9.0,5.529999999999999,0.825,9.256397488990388
softmax,5,1075,9.1,5.027500000000001,0.8,9.256397488990388
softmax,5,1100,8.9,4.5075,0.775,9.256397488990388
softmax,5,1125,8.8,6.5125,0.875,9.256397488990388
softmax,5,1150,9.1,5.05,0.8,9.256397488990388
softmax,5,1175,9.1,6.970000000000001,0.9,9.256397488990388
softmax,5,1200,9.1,6.532500000000001,0.875,9.256397488990388
softmax,5,1225,9.1,5.555,0.825,9.256397488990388
softmax,5,1250,9.0,5.542500000000001,0.825,9.256397488990388
softmax,5,1275,9.0,3.1225,0.7,9.256397488990388
softmax,5,1300,-10.4,7.517500000000001,0.925,9.256397488990388
softmax,5,1325,-10.6,6.515000000000001,0.875,9.256397488990388
softmax,5,1350,8.6,8.4825,0.975,9.256397488990388
softmax,5,1375,9.1,7.484999999999999,0.925,9.256397488990388
softmax,5,1400,8.9,6.0375,0.85,9.256397488990388
softmax,5,1425,9.1,6.515000000000001,0.875,9.256397488990388
softmax,5,1450,8.9,6.5200000000000005,0.875,9.256397488990388
softmax,5,1475,8.9,5.5175,0.825,9.256397488990388
softmax,5,1500,-10.4,6.0600000000000005,0.85,9.256397488990388
softmax,6,1,-11.0,-11.4725,0.0,9.862146703285404
softmax,6,25,-13.500000000000002,-13.367499999999993,0.0,9.862146703285404
softmax,6,50,-12.900000000000002,-13.009999999999991,0.025,9.84206987889427
softmax,6,75,-14.799999999999999,-12.392499999999997,0.025,9.831230911202864
softmax,6,100,-14.3,-3.7324999999999995,0.425,9.228647488990388
softmax,6,125,6.999999999999998,6.035,0.85,9.228647488990388
softmax,6,150,6.299999999999998,8.942499999999999,1.0,9.228647488990388
softmax,6,175,6.899999999999999,7.475,0.925,9.228647488990388
softmax,6,200,-10.6,7.0125,0.9,9.228647488990388
softmax,6,225,8.9,7.475,0.925,9.228647488990388
softmax,6,250,8.9,8.9875,1.0,9.228647488990388
softmax,6,275,9.0,7.495,0.925,9.228647488990388
softmax,6,300,-10.9,7.494999999999999,0.925,9.228647488990388
softmax,6,325,-11.4,6.519999999999999,0.875,9.228647488990388
softmax,6,350,9.0,8.5075,0.975,9.228647488990388
softmax,6,375,-10.3,7.959999999999999,0.95,9.228647488990388
softmax,6,400,8.9,7.982499999999999,0.95,9.228647488990388
softmax,6,425,9.1,7.972500000000001,0.95,9.228647488990388
softmax,6,450,9.1,6.980000000000001,0.9,9.228647488990388
softmax,6,475,9.1,6.977500000000001,0.9,9.228647488990388
softmax,6,500,8.8,6.967500000000001,0.9,9.228647488990388
softmax,6,525,9.1,8.505,0.975,9.228647488990388
softmax,6,550,9.1,8.01,0.95,9.228647488990388
softmax,6,575,8.9,7.984999999999999,0.95,9.228647488990388
softmax,6,600,9.1,7.534999999999999,0.925,9.228647488990388
softmax,6,625,9.1,7.515000000000001,0.925,9.228647488990388
softmax,6,650,9.1,7.495,0.925,9.228647488990388
softmax,6,675,9.1,7.4875,0.925,9.228647488990388
softmax,6,700,9.1,7.01,0.9,9.228647488990388
softmax,6,725,8.4,8.4625,0.975,9.228647488990388
softmax,6,750,8.9,7.505,0.925,9.228647488990388
softmax,6,775,8.7,6.4925,0.875,9.228647488990388
softmax,6,800,9.1,8.4225,0.975,9.228647488990388
softmax,6,825,-10.9,6.484999999999999,0.875,9.228647488990388
softmax,6,850,9.0,8.4725,0.975,9.228647488990388
softmax,6,875,8.9,5.99,0.85,9.228647488990388
softmax,6,900,9.1,7.5175,0.925,9.228647488990388
softmax,6,925,8.9,6.0424999999999995,0.85,9.228647488990388
softmax,6,950,9.1,5.515,0.825,9.228647488990388
softmax,6,975,9.1,6.0525,0.85,9.228647488990388
softmax,6,1000,8.9,5.5175,0.825,9.228647488990388
softmax,6,1025,9.1,7.042500000000001,0.9,9.228647488990388
softmax,6,1050,8.9,6.975,0.9,9.228647488990388
softmax,6,1075,-10.3,5.5125,0.825,9.228647488990388
softmax,6,1100,9.1,7.935,0.95,9.228647488990388
softmax,6,1125,8.8,7.4799999999999995,0.925,9.228647488990388
softmax,6,1150,9.1,7.505000000000001,0.925,9.228647488990388
softmax,6,1175,8.9,8.920000000000002,1.0,9.228647488990388
softmax,6,1200,8.9,6.5200000000000005,0.875,9.228647488990388
softmax,6,1225,8.9,8.002500000000001,0.95,9.228647488990388
softmax,6,1250,8.9,7.9625,0.95,9.228647488990388
softmax,6,1275,8.9,6.530000000000001,0.875,9.228647488990388
softmax,6,1300,9.0,8.4875,0.975,9.228647488990388
softmax,6,1325,-10.3,6.9975,0.9,9.228647488990388
softmax,6,1350,9.1,6.995,0.9,9.228647488990388
softmax,6,1375,9.1,7.0,0.9,9.228647488990388
softmax,6,1400,9.0,7.422499999999999,0.925,9.228647488990388
softmax,6,1425,8.9,7.45,0.925,9.228647488990388
softmax,6,1450,9.1,6.0649999999999995,0.85,9.228647488990388
softmax,6,1475,9.1,7.982499999999999,0.95,9.228647488990388
softmax,6,1500,8.7,5.9799999999999995,0.85,9.228647488990388
softmax,7,1,-10.8,-11.290000000000001,0.0,9.862146703285404
softmax,7,25,-11.2,-9.795,0.05,9.862146703285404
softmax,7,50,-12.700000000000001,-11.507499999999997,0.125,9.84206987889427
softmax,7,75,-14.100000000000001,2.102500000000002,0.75,9.84206987889427
softmax,7,100,-11.3,-0.6724999999999957,0.625,9.84206987889427
softmax,7,125,-11.5,0.3850000000000039,0.675,9.33666445885492
softmax,7,150,8.6,6.472499999999999,0.875,9.33666445885492
softmax,7,175,-11.4,5.022499999999999,0.8,9.33666445885492
softmax,7,200,9.1,4.385,0.775,9.33666445885492
softmax,7,225,-10.4,6.8025,0.9,9.33666445885492
softmax,7,250,-10.3,5.9799999999999995,0.85,9.33666445885492
softmax,7,275,8.8,5.0600000000000005,0.8,9.33666445885492
softmax,7,300,8.7,5.874999999999999,0.85,9.33666445885492
softmax,7,325,9.0,4.93,0.8,9.33666445885492
softmax,7,350,-14.899999999999999,4.83,0.8,9.33666445885492
softmax,7,375,9.0,6.517500000000001,0.875,9.33666445885492
softmax,7,400,8.9,4.327500000000001,0.775,9.33666445885492
softmax,7,425,9.1,4.465,0.775,9.33666445885492
softmax,7,450,-10.4,5.33,0.825,9.33666445885492
softmax,7,475,9.1,6.777500000000001,0.9,9.33666445885492
softmax,7,500,9.1,2.8674999999999997,0.7,9.33666445885492
softmax,7,525,9.0,4.9575000000000005,0.8,9.33666445885492
softmax,7,550,9.1,5.34,0.825,9.33666445885492
softmax,7,575,8.7,2.8675000000000006,0.7,9.33666445885492
softmax,7,600,9.1,5.4925,0.825,9.33666445885492
softmax,7,625,8.9,4.5024999999999995,0.775,9.33666445885492
softmax,7,650,-10.3,7.477500000000001,0.925,9.33666445885492
softmax,7,675,8.7,6.355,0.875,9.33666445885492
softmax,7,700,9.1,6.445,0.875,9.33666445885492
softmax,7,725,9.1,5.505,0.825,9.33666445885492
softmax,7,750,9.1,3.5375,0.725,9.33666445885492
softmax,7,775,8.8,5.2625,0.825,9.33666445885492
softmax,7,800,9.0,5.545,0.825,9.193323590514664
softmax,7,825,9.1,6.025,0.85,9.193323590514664
softmax,7,850,9.1,4.525,0.775,9.193323590514664
softmax,7,875,9.1,4.0425,0.75,9.193323590514664
softmax,7,900,8.9,6.025,0.85,9.193323590514664
softmax,7,925,9.1,4.5625,0.775,9.193323590514664
softmax,7,950,-10.7,5.505000000000001,0.825,9.193323590514664
softmax,7,975,9.1,2.6174999999999997,0.675,9.193323590514664
softmax,7,1000,9.1,4.110000000000001,0.75,9.193323590514664
softmax,7,1025,9.1,6.9875,0.9,9.193323590514664
softmax,7,1050,9.1,5.4775,0.825,9.193323590514664
softmax,7,1075,8.9,5.4799999999999995,0.825,9.193323590514664
softmax,7,1100,9.1,6.955,0.9,9.193323590514664
softmax,7,1125,-10.7,5.5025,0.825,9.193323590514664
softmax,7,1150,9.0,4.095,0.75,9.193323590514664
softmax,7,1175,8.7,5.529999999999999,0.825,9.193323590514664
softmax,7,1200,-10.3,5.01,0.8,9.193323590514664
softmax,7,1225,8.8,6.955000000000001,0.9,9.193323590514664
softmax,7,1250,9.1,4.952500000000001,0.8,9.193323590514664
softmax,7,1275,8.9,6.452500000000001,0.875,9.193323590514664
softmax,7,1300,8.8,5.0200000000000005,0.8,9.193323590514664
softmax,7,1325,8.4,5.482499999999999,0.825,9.193323590514664
softmax,7,1350,9.1,5.0525,0.8,9.193323590514664
softmax,7,1375,9.1,6.9325,0.9,9.193323590514664
softmax,7,1400,9.1,4.540000000000001,0.775,9.193323590514664
softmax,7,1425,9.1,4.075,0.75,9.193323590514664
softmax,7,1450,9.1,7.0175,0.9,9.193323590514664
softmax,7,1475,-10.9,7.459999999999999,0.925,9.193323590514664
softmax,7,1500,9.0,3.5825000000000005,0.725,9.193323590514664
softmax,8,1,-10.8,-10.6725,0.025,9.862146703285404
softmax,8,25,6.999999999999998,-10.692499999999999,0.0,9.84206987889427
softmax,8,50,-11.6,-12.382499999999999,0.025,9.434298080719005
softmax,8,75,6.499999999999998,-6.597499999999991,0.35,9.434298080719005
softmax,8,100,-15.099999999999998,8.49,0.975,9.434298080719005
softmax,8,125,5.100000000000001,-1.6849999999999956,0.575,9.228647488990388
softmax,8,150,2.3000000000000114,5.4375,0.825,9.228647488990388
softmax,8,175,8.8,6.4875,0.875,9.228647488990388
softmax,8,200,-14.100000000000001,7.967499999999999,0.95,9.228647488990388
softmax,8,225,8.9,6.365,0.875,9.228647488990388
softmax,8,250,9.1,7.75,0.95,9.228647488990388
softmax,8,275,8.6,5.3875,0.825,9.228647488990388
softmax,8,300,8.9,7.8025,0.95,9.228647488990388
softmax,8,325,8.9,8.469999999999999,0.975,9.228647488990388
softmax,8,350,9.1,7.010000000000001,0.9,9.228647488990388
softmax,8,375,-10.4,7.469999999999999,0.925,9.228647488990388
softmax,8,400,8.7,6.522500000000001,0.875,9.228647488990388
softmax,8,425,8.9,7.9425,0.95,9.228647488990388
softmax,8,450,8.9,7.5200000000000005,0.925,9.228647488990388
softmax,8,475,-10.6,7.365,0.925,9.228647488990388
softmax,8,500,8.7,8.9525,1.0,9.228647488990388
softmax,8,525,8.6,6.484999999999999,0.875,9.228647488990388
softmax,8,550,9.1,7.2700000000000005,0.925,9.228647488990388
softmax,8,575,8.9,8.5175,0.975,9.228647488990388
softmax,8,600,9.0,6.0425,0.85,9.228647488990388
softmax,8,625,-10.8,6.494999999999999,0.875,9.228647488990388
softmax,8,650,9.1,7.919999999999999,0.95,9.228647488990388
softmax,8,675,9.0,7.532499999999999,0.925,9.228647488990388
softmax,8,700,9.1,8.834999999999999,1.0,9.228647488990388
softmax,8,725,9.1,5.915,0.85,9.228647488990388
softmax,8,750,9.1,5.9775,0.85,9.228647488990388
softmax,8,775,8.8,5.967499999999999,0.85,9.228647488990388
softmax,8,800,9.1,7.0200000000000005,0.9,9.228647488990388
softmax,8,825,9.0,6.452500000000001,0.875,9.228647488990388
softmax,8,850,8.9,8.475,0.975,9.228647488990388
softmax,8,875,8.9,6.9799999999999995,0.9,9.228647488990388
softmax,8,900,9.1,7.967499999999999,0.95,9.228647488990388
softmax,8,925,8.9,7.9625,0.95,9.228647488990388
softmax,8,950,9.1,6.029999999999999,0.85,9.228647488990388
softmax,8,975,9.0,7.957499999999999,0.95,9.228647488990388
softmax,8,1000,9.1,6.9875,0.9,9.228647488990388
softmax,8,1025,9.1,7.45,0.925,9.228647488990388
softmax,8,1050,8.8,6.025,0.85,9.228647488990388
softmax,8,1075,8.8,4.5125,0.775,9.228647488990388
softmax,8,1100,8.7,7.9975,0.95,9.228647488990388
softmax,8,1125,9.0,7.9174999999999995,0.95,9.228647488990388
softmax,8,1150,8.8,6.5375,0.875,9.228647488990388
softmax,8,1175,8.9,8.0075,0.95,9.228647488990388
softmax,8,1200,8.7,5.515000000000001,0.825,9.228647488990388
softmax,8,1225,8.9,7.965000000000001,0.95,9.228647488990388
softmax,8,1250,-10.5,7.529999999999999,0.925,9.228647488990388
softmax,8,1275,8.9,7.967499999999999,0.95,9.228647488990388
softmax,8,1300,8.7,7.49,0.925,9.228647488990388
softmax,8,1325,-11.0,7.4975,0.925,9.228647488990388
softmax,8,1350,9.1,7.4875,0.925,9.228647488990388
softmax,8,1375,8.9,7.9300000000000015,0.95,9.228647488990388
softmax,8,1400,9.0,8.4475,0.975,9.228647488990388
softmax,8,1425,-10.3,8.4525,0.975,9.228647488990388
softmax,8,1450,9.0,4.452500000000001,0.775,9.228647488990388
softmax,8,1475,9.1,7.9475,0.95,9.228647488990388
softmax,8,1500,9.1,6.9174999999999995,0.9,9.228647488990388
softmax,9,1,-11.1,-11.2975,0.0,9.862146703285404
softmax,9,25,-13.3,-12.007499999999997,0.075,9.862146703285404
softmax,9,50,-10.4,-8.522499999999999,0.2,9.889896703285403
softmax,9,75,0.700000000000017,-7.7625,0.225,9.889896703285403
softmax,9,100,-17.49999999999999,3.2875,0.725,9.889896703285403
softmax,9,125,-10.7,6.777500000000001,0.9,9.256397488990388
softmax,9,150,7.699999999999999,6.9625,0.9,9.256397488990388
softmax,9,175,8.5,7.942500000000001,0.95,9.256397488990388
softmax,9,200,8.9,7.015000000000001,0.9,9.256397488990388
softmax,9,225,8.8,7.435,0.925,9.256397488990388
softmax,9,250,8.4,7.875,0.95,9.256397488990388
softmax,9,275,9.1,5.022500000000001,0.8,9.256397488990388
softmax,9,300,9.1,7.425,0.925,9.256397488990388
softmax,9,325,9.1,6.985000000000001,0.9,9.256397488990388
softmax,9,350,-10.5,8.3025,0.975,9.256397488990388
softmax,9,375,9.1,6.459999999999999,0.875,9.256397488990388
softmax,9,400,9.0,5.98,0.85,9.256397488990388
softmax,9,425,8.9,7.8875,0.95,9.256397488990388
softmax,9,450,-10.3,7.8725,0.95,9.256397488990388
softmax,9,475,9.1,7.392499999999998,0.925,9.256397488990388
softmax,9,500,9.0,7.0025,0.9,9.256397488990388
softmax,9,525,8.9,7.4449999999999985,0.925,9.256397488990388
softmax,9,550,6.599999999999998,-3.625,0.425,9.256397488990388
softmax,9,575,8.9,7.8375,0.95,9.256397488990388
softmax,9,600,8.9,6.92,0.9,9.256397488990388
softmax,9,625,8.9,7.9325,0.95,9.256397488990388
softmax,9,650,8.7,7.4,0.925,9.256397488990388
softmax,9,675,9.1,5.427499999999999,0.825,9.256397488990388
softmax,9,700,8.9,7.9,0.95,9.256397488990388
softmax,9,725,9.1,7.9,0.95,9.256397488990388
softmax,9,750,8.9,7.4174999999999995,0.925,9.256397488990388
softmax,9,775,9.1,6.4325,0.875,9.256397488990388
softmax,9,800,8.5,7.927499999999999,0.95,9.256397488990388
softmax,9,825,8.5,5.5075,0.825,9.256397488990388
softmax,9,850,8.8,7.38,0.925,9.256397488990388
softmax,9,875,-10.3,7.885,0.95,9.256397488990388
softmax,9,900,8.8,7.485000000000001,0.925,9.256397488990388
softmax,9,925,9.1,6.45,0.875,9.256397488990388
softmax,9,950,8.9,8.9075,1.0,9.256397488990388
softmax,9,975,9.1,6.005000000000001,0.85,9.256397488990388
softmax,9,1000,9.1,7.452499999999999,0.925,9.256397488990388
softmax,9,1025,8.9,8.425,0.975,9.256397488990388
softmax,9,1050,9.1,7.4399999999999995,0.925,9.256397488990388
softmax,9,1075,9.0,7.8824999999999985,0.95,9.256397488990388
softmax,9,1100,9.1,7.8825,0.95,9.256397488990388
softmax,9,1125,8.7,6.4275,0.875,9.256397488990388
softmax,9,1150,8.1,8.434999999999999,0.975,9.256397488990388
softmax,9,1175,9.1,6.4375,0.875,9.256397488990388
softmax,9,1200,8.5,7.869999999999999,0.95,9.256397488990388
softmax,9,1225,9.0,8.3925,0.975,9.256397488990388
softmax,9,1250,9.1,7.425,0.925,9.256397488990388
softmax,9,1275,9.1,8.4525,0.975,9.256397488990388
softmax,9,1300,8.6,7.407500000000001,0.925,9.256397488990388
softmax,9,1325,9.0,8.4575,0.975,9.256397488990388
softmax,9,1350,-10.8,7.875,0.95,9.256397488990388
softmax,9,1375,9.0,7.4449999999999985,0.925,9.256397488990388
softmax,9,1400,9.0,6.859999999999999,0.9,9.256397488990388
softmax,9,1425,9.1,8.825,1.0,9.256397488990388
softmax,9,1450,8.8,7.967500000000001,0.95,9.256397488990388
softmax,9,1475,8.5,7.935,0.95,9.256397488990388
softmax,9,1500,9.1,7.4674999999999985,0.925,9.256397488990388
ucb,0,1,-10.7,-11.1675,0.0,9.862146703285404
ucb,0,25,-16.39999999999999,-10.579999999999995,0.075,10.045734772831075
ucb,0,50,-13.200000000000001,5.507499999999999,0.9,10.045734772831075
ucb,0,75,-14.4,0.5675000000000054,0.7,10.045734772831075
ucb,0,100,9.1,7.782500000000001,0.95,10.045734772831075
ucb,0,125,8.8,6.9625,0.9,10.045734772831075
ucb,0,150,9.1,6.422500000000001,0.875,10.045734772831075
ucb,0,175,8.7,5.905,0.85,10.045734772831075
ucb,0,200,-10.9,7.092500000000001,0.925,10.045734772831075
ucb,0,225,8.9,6.945,0.9,10.045734772831075
ucb,0,250,-10.3,7.989999999999999,0.95,10.045734772831075
ucb,0,275,5.699999999999999,5.915000000000001,0.85,10.045734772831075
ucb,0,300,8.8,6.495,0.875,10.045734772831075
ucb,0,325,-10.7,5.977499999999999,0.85,10.045734772831075
ucb,0,350,8.5,5.89,0.85,10.045734772831075
ucb,0,375,9.1,7.0025,0.9,10.045734772831075
ucb,0,400,9.1,7.37,0.925,10.045734772831075
ucb,0,425,8.7,8.41,0.975,10.045734772831075
ucb,0,450,-10.5,5.9,0.85,10.045734772831075
ucb,0,475,9.1,7.022499999999999,0.9,10.045734772831075
ucb,0,500,9.1,6.94,0.9,10.045734772831075
ucb,0,525,9.1,6.475,0.875,10.045734772831075
ucb,0,550,8.9,7.467499999999999,0.925,10.045734772831075
ucb,0,575,8.5,6.8875,0.9,10.045734772831075
ucb,0,600,9.0,4.8675,0.8,10.045734772831075
ucb,0,625,9.1,6.4674999999999985,0.875,10.045734772831075
ucb,0,650,9.1,5.949999999999999,0.85,10.045734772831075
ucb,0,675,8.7,6.92,0.9,10.045734772831075
ucb,0,700,8.299999999999999,5.847499999999999,0.85,10.045734772831075
ucb,0,725,9.1,6.9575000000000005,0.9,10.045734772831075
ucb,0,750,9.1,6.5,0.875,10.045734772831075
ucb,0,775,8.8,8.445,0.975,10.045734772831075
ucb,0,800,9.1,7.9925,0.95,10.045734772831075
ucb,0,825,9.1,6.8725,0.9,10.045734772831075
ucb,0,850,9.1,5.984999999999999,0.85,10.045734772831075
ucb,0,875,8.9,8.892500000000002,1.0,10.045734772831075
ucb,0,900,8.8,6.467500000000001,0.875,10.045734772831075
ucb,0,925,9.1,7.01,0.9,10.045734772831075
ucb,0,950,-10.3,7.95,0.95,10.045734772831075
ucb,0,975,8.9,6.922499999999999,0.9,10.045734772831075
ucb,0,1000,9.1,6.525,0.875,10.045734772831075
ucb,0,1025,9.1,7.505000000000001,0.925,10.045734772831075
ucb,0,1050,9.1,7.0024999999999995,0.9,10.045734772831075
ucb,0,1075,8.9,6.027500000000001,0.85,10.045734772831075
ucb,0,1100,9.1,6.3950000000000005,0.875,10.045734772831075
ucb,0,1125,8.9,7.540000000000001,0.925,10.045734772831075
ucb,0,1150,8.9,8.492500000000001,0.975,10.045734772831075
ucb,0,1175,9.0,6.37,0.875,10.045734772831075
ucb,0,1200,-10.3,5.9825,0.85,10.045734772831075
ucb,0,1225,8.9,6.529999999999999,0.875,10.045734772831075
ucb,0,1250,9.0,8.02,0.95,10.045734772831075
ucb,0,1275,9.1,6.032500000000001,0.85,10.045734772831075
ucb,0,1300,9.1,7.457499999999999,0.925,10.045734772831075
ucb,0,1325,9.1,6.022499999999999,0.85,10.045734772831075
ucb,0,1350,9.0,4.545,0.775,10.045734772831075
ucb,0,1375,8.5,7.9325,0.95,10.045734772831075
ucb,0,1400,8.8,8.3875,0.975,10.045734772831075
ucb,0,1425,8.9,6.967499999999999,0.9,10.045734772831075
ucb,0,1450,8.7,6.51,0.875,10.045734772831075
ucb,0,1475,9.0,6.99,0.9,10.045734772831075
ucb,0,1500,8.5,8.959999999999999,1.0,10.045734772831075
ucb,1,1,-10.4,-11.375,0.0,9.862146703285404
ucb,1,25,-11.3,-6.197499999999997,0.35,9.84206987889427
ucb,1,50,7.6,-8.169999999999998,0.125,9.84206987889427
ucb,1,75,4.8000000000000025,-6.2724999999999955,0.325,9.371626925708568
ucb,1,100,8.5,2.3100000000000045,0.775,9.371626925708568
ucb,1,125,9.0,7.972500000000001,0.95,9.371626925708568
ucb,1,150,9.0,4.532500000000001,0.775,9.371626925708568
ucb,1,175,8.9,4.05,0.75,9.371626925708568
ucb,1,200,8.9,6.0225,0.85,9.371626925708568
ucb,1,225,8.9,4.572500000000001,0.775,9.371626925708568
ucb,1,250,8.9,5.96,0.85,9.371626925708568
ucb,1,275,8.8,6.005,0.85,9.371626925708568
ucb,1,300,-10.2,6.5525,0.875,9.371626925708568
ucb,1,325,9.1,5.5225,0.825,9.371626925708568
ucb,1,350,9.0,4.08,0.75,9.371626925708568
ucb,1,375,8.7,7.527500000000001,0.925,9.371626925708568
ucb,1,400,8.9,7.4375,0.925,9.371626925708568
ucb,1,425,-10.2,6.5,0.875,9.371626925708568
ucb,1,450,9.0,6.99,0.9,9.371626925708568
ucb,1,475,9.0,7.984999999999999,0.95,9.371626925708568
ucb,1,500,9.0,7.4799999999999995,0.925,9.371626925708568
ucb,1,525,9.0,6.02,0.85,9.371626925708568
ucb,1,550,9.1,6.977500000000001,0.9,9.371626925708568
ucb,1,575,9.1,5.565,0.825,9.371626925708568
ucb,1,600,9.1,6.495,0.875,9.371626925708568
ucb,1,625,8.9,6.04,0.85,9.371626925708568
ucb,1,650,9.1,6.592499999999999,0.875,9.371626925708568
ucb,1,675,9.0,6.56,0.875,9.371626925708568
ucb,1,700,8.9,6.4799999999999995,0.875,9.371626925708568
ucb,1,725,9.0,7.482499999999999,0.925,9.371626925708568
ucb,1,750,9.0,5.5375,0.825,9.371626925708568
ucb,1,775,8.8,7.4300000000000015,0.925,9.371626925708568
ucb,1,800,9.1,6.025,0.85,9.371626925708568
ucb,1,825,9.0,5.5425,0.825,9.371626925708568
ucb,1,850,9.1,6.015,0.85,9.371626925708568
ucb,1,875,-10.2,7.047500000000001,0.9,9.371626925708568
ucb,1,900,9.1,7.5125,0.925,9.371626925708568
ucb,1,925,9.0,5.5825000000000005,0.825,9.371626925708568
ucb,1,950,9.1,4.5175,0.775,9.371626925708568
ucb,1,975,-10.6,5.944999999999999,0.85,9.371626925708568
ucb,1,1000,9.1,7.0525,0.9,9.371626925708568
ucb,1,1025,8.9,6.035,0.85,9.371626925708568
ucb,1,1050,8.9,5.025,0.8,9.371626925708568
ucb,1,1075,-10.2,6.9925,0.9,9.371626925708568
ucb,1,1100,9.1,6.534999999999999,0.875,9.371626925708568
ucb,1,1125,9.1,5.045,0.8,9.371626925708568
ucb,1,1150,9.1,5.0875,0.8,9.371626925708568
ucb,1,1175,-10.6,7.005,0.9,9.371626925708568
ucb,1,1200,9.1,7.5,0.925,9.371626925708568
ucb,1,1225,9.0,7.092500000000001,0.9,9.371626925708568
ucb,1,1250,9.1,6.4275,0.875,9.371626925708568
ucb,1,1275,8.5,5.555000000000001,0.825,9.371626925708568
ucb,1,1300,9.0,5.5775,0.825,9.371626925708568
ucb,1,1325,8.8,6.5200000000000005,0.875,9.371626925708568
ucb,1,1350,8.9,6.0325,0.85,9.371626925708568
ucb,1,1375,9.1,7.4975,0.925,9.371626925708568
ucb,1,1400,9.1,7.017500000000001,0.9,9.371626925708568
ucb,1,1425,8.9,4.575,0.775,9.371626925708568
ucb,1,1450,-10.6,5.0725,0.8,9.371626925708568
ucb,1,1475,9.1,5.39,0.825,9.371626925708568
ucb,1,1500,9.1,7.505,0.925,9.371626925708568
ucb,2,1,-10.3,-11.4475,0.0,9.862146703285404
ucb,2,25,-10.7,-11.972499999999995,0.025,9.862146703285404
ucb,2,50,-18.499999999999986,-5.545,0.3,9.243647488990389
ucb,2,75,-10.4,1.1750000000000036,0.725,9.243647488990389
ucb,2,100,8.7,0.9000000000000024,0.7,9.243647488990389
ucb,2,125,-10.4,-12.245,0.025,9.243647488990389
ucb,2,150,8.9,6.035,0.85,9.243647488990389
ucb,2,175,8.9,8.46,0.975,9.243647488990389
ucb,2,200,9.0,6.995,0.9,9.243647488990389
ucb,2,225,8.9,8.434999999999999,0.975,9.243647488990389
ucb,2,250,8.9,6.5200000000000005,0.875,9.243647488990389
ucb,2,275,9.1,6.9799999999999995,0.9,9.243647488990389
ucb,2,300,9.1,7.945,0.95,9.243647488990389
ucb,2,325,9.1,5.9825,0.85,9.243647488990389
ucb,2,350,8.9,7.4799999999999995,0.925,9.243647488990389
ucb,2,375,8.9,7.435,0.925,9.243647488990389
ucb,2,400,9.1,8.4575,0.975,9.243647488990389
ucb,2,425,8.9,7.467500000000001,0.925,9.243647488990389
ucb,2,450,9.1,7.5200000000000005,0.925,9.243647488990389
ucb,2,475,8.9,6.984999999999999,0.9,9.243647488990389
ucb,2,500,9.1,7.505,0.925,9.243647488990389
ucb,2,525,8.9,7.94,0.95,9.243647488990389
ucb,2,550,-10.3,6.965000000000001,0.9,9.243647488990389
ucb,2,575,8.6,7.959999999999999,0.95,9.243647488990389
ucb,2,600,8.8,6.470000000000001,0.875,9.243647488990389
ucb,2,625,8.9,6.995,0.9,9.243647488990389
ucb,2,650,9.0,7.4975,0.925,9.243647488990389
ucb,2,675,9.1,7.49,0.925,9.243647488990389
ucb,2,700,9.1,8.3675,0.975,9.243647488990389
ucb,2,725,9.1,8.405,0.975,9.243647488990389
ucb,2,750,9.1,8.405,0.975,9.243647488990389
ucb,2,775,8.9,6.9625,0.9,9.243647488990389
ucb,2,800,9.1,5.9625,0.85,9.243647488990389
ucb,2,825,9.1,6.484999999999999,0.875,9.243647488990389
ucb,2,850,9.0,8.9125,1.0,9.243647488990389
ucb,2,875,-10.3,6.0200000000000005,0.85,9.243647488990389
ucb,2,900,9.0,6.534999999999999,0.875,9.243647488990389
ucb,2,925,9.1,7.4975,0.925,9.243647488990389
ucb,2,950,9.1,7.475,0.925,9.243647488990389
ucb,2,975,8.9,7.005000000000001,0.9,9.243647488990389
ucb,2,1000,-10.8,8.442499999999999,0.975,9.243647488990389
ucb,2,1025,9.0,7.9125,0.95,9.243647488990389
ucb,2,1050,9.1,7.472499999999999,0.925,9.243647488990389
ucb,2,1075,8.9,7.9399999999999995,0.95,9.243647488990389
ucb,2,1100,9.1,8.4175,0.975,9.243647488990389
ucb,2,1125,9.1,6.915000000000001,0.9,9.243647488990389
ucb,2,1150,8.8,6.9799999999999995,0.9,9.243647488990389
ucb,2,1175,8.9,7.4799999999999995,0.925,9.243647488990389
ucb,2,1200,8.6,7.4575000000000005,0.925,9.243647488990389
ucb,2,1225,9.1,6.5,0.875,9.243647488990389
ucb,2,1250,8.9,8.475,0.975,9.243647488990389
ucb,2,1275,9.0,8.9075,1.0,9.243647488990389
ucb,2,1300,8.7,8.4475,0.975,9.243647488990389
ucb,2,1325,9.0,7.957499999999999,0.95,9.243647488990389
ucb,2,1350,9.0,7.4625,0.925,9.243647488990389
ucb,2,1375,8.9,6.0,0.85,9.243647488990389
ucb,2,1400,8.299999999999999,8.9575,1.0,9.243647488990389
ucb,2,1425,8.4,6.99,0.9,9.243647488990389
ucb,2,1450,9.0,6.9300000000000015,0.9,9.243647488990389
ucb,2,1475,-10.9,7.4925000000000015,0.925,9.243647488990389
ucb,2,1500,9.1,7.447500000000001,0.925,9.243647488990389
ucb,3,1,-10.4,-11.6675,0.0,9.862146703285404
ucb,3,25,-11.3,-13.02,0.025,9.862146703285404
ucb,3,50,5.699999999999999,2.3450000000000024,0.8,9.879284203285405
ucb,3,75,-9.99999999999998,-10.507499999999984,0.05,9.879284203285405
ucb,3,100,8.6,2.202500000000003,0.775,9.476304497972135
ucb,3,125,8.1,-9.142499999999982,0.1,9.258534988990387
ucb,3,150,-14.100000000000001,-5.929999999999998,0.35,9.258534988990387
ucb,3,175,-10.7,-8.317499999999992,0.125,9.258534988990387
ucb,3,200,-9.99999999999998,-10.369999999999981,0.0,9.258534988990387
ucb,3,225,8.9,6.435,0.875,9.258534988990387
ucb,3,250,-10.3,7.4475,0.925,9.258534988990387
ucb,3,275,8.9,8.4175,0.975,9.258534988990387
ucb,3,300,8.9,6.5125,0.875,9.258534988990387
ucb,3,325,9.0,7.4825,0.925,9.258534988990387
ucb,3,350,8.8,7.972500000000001,0.95,9.258534988990387
ucb,3,375,9.1,5.9775,0.85,9.258534988990387
ucb,3,400,-11.0,7.4799999999999995,0.925,9.258534988990387
ucb,3,425,8.9,6.9925,0.9,9.258534988990387
ucb,3,450,8.8,7.51,0.925,9.258534988990387
ucb,3,475,9.1,7.935,0.95,9.258534988990387
ucb,3,500,8.7,6.925,0.9,9.258534988990387
ucb,3,525,8.9,7.475,0.925,9.258534988990387
ucb,3,550,9.1,6.955,0.9,9.258534988990387
ucb,3,575,9.0,7.985000000000001,0.95,9.258534988990387
ucb,3,600,9.0,7.967500000000001,0.95,9.258534988990387
ucb,3,625,-10.4,5.4325,0.825,9.258534988990387
ucb,3,650,8.9,7.9625,0.95,9.258534988990387
ucb,3,675,8.8,5.545,0.825,9.258534988990387
ucb,3,700,9.0,6.9300000000000015,0.9,9.258534988990387
ucb,3,725,9.1,6.9174999999999995,0.9,9.258534988990387
ucb,3,750,9.0,8.4275,0.975,9.258534988990387
ucb,3,775,8.9,7.8875,0.95,9.258534988990387
ucb,3,800,9.0,6.9575000000000005,0.9,9.258534988990387
ucb,3,825,8.9,7.9799999999999995,0.95,9.258534988990387
ucb,3,850,9.0,7.9174999999999995,0.95,9.258534988990387
ucb,3,875,8.9,6.517500000000001,0.875,9.258534988990387
ucb,3,900,8.9,7.415000000000001,0.925,9.258534988990387
ucb,3,925,9.1,7.457500000000001,0.925,9.258534988990387
ucb,3,950,8.9,7.415000000000001,0.925,9.258534988990387
ucb,3,975,9.0,5.922499999999999,0.85,9.258534988990387
ucb,3,1000,8.8,6.529999999999999,0.875,9.258534988990387
ucb,3,1025,9.1,8.9275,1.0,9.258534988990387
ucb,3,1050,-10.5,7.3725,0.925,9.258534988990387
ucb,3,1075,8.8,7.4925,0.925,9.258534988990387
ucb,3,1100,8.5,8.4275,0.975,9.258534988990387
ucb,3,1125,-10.3,7.4275,0.925,9.258534988990387
ucb,3,1150,8.7,7.959999999999999,0.95,9.258534988990387
ucb,3,1175,8.7,7.477499999999999,0.925,9.258534988990387
ucb,3,1200,9.1,6.984999999999999,0.9,9.258534988990387
ucb,3,1225,8.9,8.430000000000001,0.975,9.258534988990387
ucb,3,1250,9.1,8.867500000000001,1.0,9.258534988990387
ucb,3,1275,-10.9,7.080000000000001,0.9,9.258534988990387
ucb,3,1300,9.1,8.0,0.95,9.258534988990387
ucb,3,1325,8.9,6.0325,0.85,9.258534988990387
ucb,3,1350,8.7,5.56,0.825,9.258534988990387
ucb,3,1375,9.0,7.0550000000000015,0.9,9.258534988990387
ucb,3,1400,8.9,7.435,0.925,9.258534988990387
ucb,3,1425,9.0,7.965000000000001,0.95,9.258534988990387
ucb,3,1450,8.299999999999999,6.469999999999999,0.875,9.258534988990387
ucb,3,1475,8.9,6.93,0.9,9.258534988990387
ucb,3,1500,8.9,7.952499999999999,0.95,9.258534988990387
ucb,4,1,-11.1,-10.997499999999999,0.0,9.862146703285404
ucb,4,25,-10.5,-12.292499999999999,0.0,9.862146703285404
ucb,4,50,4.400000000000004,-9.715,0.05,9.243647488990389
ucb,4,75,-14.6,-9.727499999999996,0.175,9.365760413621995
ucb,4,100,-12.900000000000002,-2.1849999999999974,0.55,9.243647488990389
ucb,4,125,-11.9,5.3675,0.825,10.01329431383892
ucb,4,150,8.7,4.029999999999999,0.75,10.01329431383892
ucb,4,175,9.1,7.025,0.9,10.01329431383892
ucb,4,200,8.8,6.027500000000001,0.85,10.01329431383892
ucb,4,225,8.9,5.944999999999999,0.85,10.01329431383892
ucb,4,250,8.8,6.525,0.875,10.01329431383892
ucb,4,275,9.1,7.435,0.925,10.01329431383892
ucb,4,300,9.1,7.040000000000001,0.9,10.01329431383892
ucb,4,325,8.6,6.907500000000001,0.9,10.01329431383892
ucb,4,350,9.1,8.39,0.975,10.01329431383892
ucb,4,375,8.5,8.4525,0.975,10.01329431383892
ucb,4,400,8.9,8.43,0.975,10.01329431383892
ucb,4,425,8.7,7.5,0.925,10.01329431383892
ucb,4,450,8.9,5.9350000000000005,0.85,10.01329431383892
ucb,4,475,8.9,7.5200000000000005,0.925,10.01329431383892
ucb,4,500,9.1,7.467500000000001,0.925,10.01329431383892
ucb,4,525,-10.8,6.970000000000001,0.9,10.01329431383892
ucb,4,550,9.1,8.4625,0.975,10.01329431383892
ucb,4,575,9.1,6.975,0.9,10.01329431383892
ucb,4,600,-10.3,6.977499999999999,0.9,10.01329431383892
ucb,4,625,8.9,4.4725,0.775,10.01329431383892
ucb,4,650,8.9,6.475,0.875,10.01329431383892
ucb,4,675,8.5,7.51,0.925,10.01329431383892
ucb,4,700,9.0,7.0025,0.9,10.01329431383892
ucb,4,725,8.9,7.49,0.925,10.01329431383892
ucb,4,750,9.1,6.9375,0.9,10.01329431383892
ucb,4,775,9.1,6.932499999999999,0.9,10.01329431383892
ucb,4,800,9.1,7.902500000000001,0.95,10.01329431383892
ucb,4,825,8.9,6.975,0.9,10.01329431383892
ucb,4,850,8.4,8.4375,0.975,10.01329431383892
ucb,4,875,9.1,7.4425,0.925,10.01329431383892
ucb,4,900,9.1,6.49,0.875,10.01329431383892
ucb,4,925,9.1,6.9325,0.9,10.01329431383892
ucb,4,950,8.9,6.922499999999999,0.9,10.01329431383892
ucb,4,975,8.5,7.984999999999999,0.95,10.01329431383892
ucb,4,1000,9.1,8.4525,0.975,10.01329431383892
ucb,4,1025,9.0,8.45,0.975,10.01329431383892
ucb,4,1050,9.1,7.4475,0.925,10.01329431383892
ucb,4,1075,9.1,7.8775,0.95,10.01329431383892
ucb,4,1100,9.0,6.510000000000001,0.875,10.01329431383892
ucb,4,1125,8.9,7.472499999999999,0.925,10.01329431383892
ucb,4,1150,8.9,6.465000000000001,0.875,10.01329431383892
ucb,4,1175,-10.3,7.4475,0.925,10.01329431383892
ucb,4,1200,8.4,8.3925,0.975,10.01329431383892
ucb,4,1225,9.0,6.972499999999999,0.9,10.01329431383892
ucb,4,1250,9.1,6.969999999999999,0.9,10.01329431383892
ucb,4,1275,-10.8,8.930000000000001,1.0,10.01329431383892
ucb,4,1300,9.0,7.459999999999999,0.925,10.01329431383892
ucb,4,1325,8.9,8.375,0.975,10.01329431383892
ucb,4,1350,9.1,7.9925,0.95,10.01329431383892
ucb,4,1375,-10.5,7.852499999999999,0.95,10.01329431383892
ucb,4,1400,9.0,8.0125,0.95,10.01329431383892
ucb,4,1425,8.6,7.904999999999999,0.95,10.01329431383892
ucb,4,1450,8.7,6.4425,0.875,10.01329431383892
ucb,4,1475,9.1,5.9975,0.85,10.01329431383892
ucb,4,1500,9.0,6.99,0.9,10.01329431383892
ucb,5,1,-11.1,-11.52,0.0,9.862146703285404
ucb,5,25,-12.200000000000001,-10.569999999999984,0.075,9.862146703285404
ucb,5,50,-12.700000000000001,-7.057499999999995,0.325,9.243647488990389
ucb,5,75,-11.4,-7.572499999999994,0.325,9.243647488990389
ucb,5,100,8.299999999999999,5.410000000000001,0.825,9.243647488990389
ucb,5,125,9.1,8.36,0.975,9.243647488990389
ucb,5,150,8.9,6.027500000000001,0.85,9.243647488990389
ucb,5,175,8.8,6.972499999999999,0.9,9.243647488990389
ucb,5,200,8.9,7.022499999999999,0.9,9.243647488990389
ucb,5,225,9.1,7.014999999999999,0.9,9.243647488990389
ucb,5,250,9.1,7.472499999999999,0.925,9.243647488990389
ucb,5,275,9.0,7.4925,0.925,9.243647488990389
ucb,5,300,9.0,5.9399999999999995,0.85,9.243647488990389
ucb,5,325,8.9,6.494999999999999,0.875,9.243647488990389
ucb,5,350,8.9,7.45,0.925,9.243647488990389
ucb,5,375,9.1,8.889999999999999,1.0,9.243647488990389
ucb,5,400,8.8,6.027500000000001,0.85,9.243647488990389
ucb,5,425,8.9,7.9325,0.95,9.243647488990389
ucb,5,450,8.6,7.4825,0.925,9.243647488990389
ucb,5,475,9.1,8.407499999999999,0.975,9.243647488990389
ucb,5,500,9.1,7.005,0.9,9.243647488990389
ucb,5,525,8.9,6.5125,0.875,9.243647488990389
ucb,5,550,9.1,6.919999999999999,0.9,9.243647488990389
ucb,5,575,9.0,7.022499999999999,0.9,9.243647488990389
ucb,5,600,9.1,6.922499999999999,0.9,9.243647488990389
ucb,5,625,9.1,7.455000000000001,0.925,9.243647488990389
ucb,5,650,8.9,7.9925,0.95,9.243647488990389
ucb,5,675,8.8,7.0075,0.9,9.243647488990389
ucb,5,700,9.0,7.95,0.95,9.243647488990389
ucb,5,725,9.1,7.965000000000001,0.95,9.243647488990389
ucb,5,750,9.1,7.915000000000001,0.95,9.243647488990389
ucb,5,775,8.7,7.039999999999999,0.9,9.243647488990389
ucb,5,800,8.9,7.92,0.95,9.243647488990389
ucb,5,825,8.5,6.95,0.9,9.243647488990389
ucb,5,850,9.0,7.49,0.925,9.243647488990389
ucb,5,875,8.5,6.952500000000001,0.9,9.243647488990389
ucb,5,900,-11.0,6.995,0.9,9.243647488990389
ucb,5,925,8.7,6.475,0.875,9.243647488990389
ucb,5,950,9.1,6.9975,0.9,9.243647488990389
ucb,5,975,9.0,8.352500000000001,0.975,9.243647488990389
ucb,5,1000,8.8,7.5,0.925,9.243647488990389
ucb,5,1025,9.1,5.569999999999999,0.825,9.243647488990389
ucb,5,1050,9.1,7.9975,0.95,9.243647488990389
ucb,5,1075,8.7,5.225,0.825,9.243647488990389
ucb,5,1100,8.8,6.452500000000001,0.875,9.243647488990389
ucb,5,1125,-11.2,6.015,0.85,9.243647488990389
ucb,5,1150,9.1,7.4975000000000005,0.925,9.243647488990389
ucb,5,1175,8.9,6.5074999999999985,0.875,9.243647488990389
ucb,5,1200,9.0,6.515000000000001,0.875,9.243647488990389
ucb,5,1225,8.9,6.534999999999999,0.875,9.243647488990389
ucb,5,1250,9.1,8.930000000000001,1.0,9.243647488990389
ucb,5,1275,8.6,6.99,0.9,9.243647488990389
ucb,5,1300,8.9,7.0200000000000005,0.9,9.243647488990389
ucb,5,1325,9.1,6.515000000000001,0.875,9.243647488990389
ucb,5,1350,8.7,7.0074999999999985,0.9,9.243647488990389
ucb,5,1375,9.1,7.995,0.95,9.243647488990389
ucb,5,1400,9.1,7.984999999999999,0.95,9.243647488990389
ucb,5,1425,8.7,7.9625,0.95,9.243647488990389
ucb,5,1450,8.9,5.5625,0.825,9.243647488990389
ucb,5,1475,9.0,6.495,0.875,9.243647488990389
ucb,5,1500,9.0,7.452500000000001,0.925,9.243647488990389
ucb,6,1,-12.0,-11.895,0.0,9.862146703285404
ucb,6,25,-13.700000000000003,-12.717499999999996,0.0,9.862146703285404
ucb,6,50,-10.4,5.55,0.825,9.228647488990388
ucb,6,75,7.099999999999999,7.220000000000001,0.925,9.228647488990388
ucb,6,100,9.1,8.397499999999999,0.975,9.228647488990388
ucb,6,125,8.9,7.4799999999999995,0.925,9.029897488990388
ucb,6,150,9.1,8.4475,0.975,9.029897488990388
ucb,6,175,-11.1,7.445,0.925,9.029897488990388
ucb,6,200,9.1,6.9975,0.9,9.029897488990388
ucb,6,225,9.1,7.457499999999999,0.925,9.029897488990388
ucb,6,250,9.0,8.49,0.975,9.029897488990388
ucb,6,275,9.1,7.485000000000001,0.925,9.029897488990388
ucb,6,300,9.1,7.964999999999999,0.95,9.029897488990388
ucb,6,325,-10.8,6.505000000000001,0.875,9.029897488990388
ucb,6,350,9.0,8.4875,0.975,9.029897488990388
ucb,6,375,8.9,7.959999999999999,0.95,9.029897488990388
ucb,6,400,8.9,8.4575,0.975,9.029897488990388
ucb,6,425,9.1,7.452500000000001,0.925,9.029897488990388
ucb,6,450,8.9,6.459999999999999,0.875,9.029897488990388
ucb,6,475,9.1,7.9300000000000015,0.95,9.029897488990388
ucb,6,500,8.5,6.942500000000001,0.9,9.029897488990388
ucb,6,525,9.1,8.477500000000001,0.975,9.029897488990388
ucb,6,550,9.1,7.99,0.95,9.029897488990388
ucb,6,575,9.1,7.959999999999999,0.95,9.029897488990388
ucb,6,600,8.6,7.529999999999999,0.925,9.029897488990388
ucb,6,625,8.9,7.025,0.9,9.029897488990388
ucb,6,650,8.9,7.932499999999999,0.95,9.029897488990388
ucb,6,675,8.9,7.9475,0.95,9.029897488990388
ucb,6,700,8.6,7.4625,0.925,9.029897488990388
ucb,6,725,8.9,8.4425,0.975,9.029897488990388
ucb,6,750,9.1,7.027500000000001,0.9,9.029897488990388
ucb,6,775,-10.3,7.4125,0.925,9.029897488990388
ucb,6,800,8.9,7.942500000000001,0.95,9.029897488990388
ucb,6,825,9.1,6.470000000000001,0.875,9.029897488990388
ucb,6,850,9.1,8.4575,0.975,9.029897488990388
ucb,6,875,9.1,5.98,0.85,9.029897488990388
ucb,6,900,8.9,7.0025,0.9,9.029897488990388
ucb,6,925,8.8,5.977499999999999,0.85,9.029897488990388
ucb,6,950,8.8,5.945,0.85,9.029897488990388
ucb,6,975,8.2,7.0025,0.9,9.029897488990388
ucb,6,1000,9.1,5.5075,0.825,9.029897488990388
ucb,6,1025,9.1,7.4875,0.925,9.029897488990388
ucb,6,1050,9.1,6.9375,0.9,9.029897488990388
ucb,6,1075,8.7,4.525,0.775,9.029897488990388
ucb,6,1100,9.1,7.935,0.95,9.029897488990388
ucb,6,1125,9.1,7.457499999999999,0.925,9.029897488990388
ucb,6,1150,8.5,7.467500000000001,0.925,9.029897488990388
ucb,6,1175,8.8,8.915000000000001,1.0,9.029897488990388
ucb,6,1200,-10.5,6.515000000000001,0.875,9.029897488990388
ucb,6,1225,-11.0,7.9475,0.95,9.029897488990388
ucb,6,1250,8.9,7.932499999999999,0.95,9.029897488990388
ucb,6,1275,9.1,6.9875,0.9,9.029897488990388
ucb,6,1300,9.0,8.45,0.975,9.029897488990388
ucb,6,1325,9.1,6.51,0.875,9.029897488990388
ucb,6,1350,9.1,6.955,0.9,9.029897488990388
ucb,6,1375,9.0,6.9575000000000005,0.9,9.029897488990388
ucb,6,1400,9.0,7.894999999999999,0.95,9.029897488990388
ucb,6,1425,9.1,7.44,0.925,9.029897488990388
ucb,6,1450,9.0,6.034999999999999,0.85,9.029897488990388
ucb,6,1475,8.4,6.9625,0.9,9.029897488990388
ucb,6,1500,8.9,5.9625,0.85,9.029897488990388
ucb,7,1,-11.0,-11.0075,0.0,9.862146703285404
ucb,7,25,-12.5,-7.582499999999991,0.275,9.85706987889427
ucb,7,50,-15.299999999999997,-11.589999999999995,0.025,10.01588528934501
ucb,7,75,-10.3,-10.139999999999997,0.1,9.85706987889427
ucb,7,100,-13.400000000000002,-6.607499999999985,0.25,9.85706987889427
ucb,7,125,8.9,7.970000000000001,0.95,9.243647488990389
ucb,7,150,9.1,8.469999999999999,0.975,9.243647488990389
ucb,7,175,9.1,6.972499999999999,0.9,9.243647488990389
ucb,7,200,8.9,7.417500000000001,0.925,9.243647488990389
ucb,7,225,9.1,6.9975,0.9,9.243647488990389
ucb,7,250,8.299999999999999,7.4475,0.925,9.243647488990389
ucb,7,275,8.8,7.494999999999999,0.925,9.243647488990389
ucb,7,300,-10.3,7.965000000000001,0.95,9.243647488990389
ucb,7,325,8.9,7.9275,0.95,9.243647488990389
ucb,7,350,9.1,7.465000000000001,0.925,9.243647488990389
ucb,7,375,-10.3,8.959999999999999,1.0,9.243647488990389
ucb,7,400,8.9,6.4625,0.875,9.243647488990389
ucb,7,425,8.9,7.0125,0.9,9.243647488990389
ucb,7,450,9.0,6.972499999999999,0.9,9.243647488990389
ucb,7,475,8.7,6.9475,0.9,9.243647488990389
ucb,7,500,9.0,6.477500000000001,0.875,9.243647488990389
ucb,7,525,-10.4,7.0024999999999995,0.9,9.243647488990389
ucb,7,550,8.9,5.0025,0.8,9.243647488990389
ucb,7,575,8.9,7.4275,0.925,9.243647488990389
ucb,7,600,9.1,7.4799999999999995,0.925,9.243647488990389
ucb,7,625,-10.3,6.9875,0.9,9.243647488990389
ucb,7,650,9.1,7.514999999999999,0.925,9.243647488990389
ucb,7,675,9.1,6.51,0.875,9.243647488990389
ucb,7,700,-10.8,7.480000000000001,0.925,9.243647488990389
ucb,7,725,9.1,8.447500000000002,0.975,9.243647488990389
ucb,7,750,9.1,5.5125,0.825,9.243647488990389
ucb,7,775,9.1,7.4425,0.925,9.243647488990389
ucb,7,800,9.1,7.4975,0.925,9.243647488990389
ucb,7,825,9.1,7.01,0.9,9.243647488990389
ucb,7,850,9.1,7.972499999999999,0.95,9.243647488990389
ucb,7,875,9.0,7.972499999999999,0.95,9.243647488990389
ucb,7,900,9.1,6.04,0.85,9.243647488990389
ucb,7,925,9.0,7.970000000000001,0.95,9.243647488990389
ucb,7,950,9.1,7.472499999999999,0.925,9.243647488990389
ucb,7,975,9.1,7.0,0.9,9.243647488990389
ucb,7,1000,9.0,8.477500000000001,0.975,9.243647488990389
ucb,7,1025,8.7,7.9799999999999995,0.95,9.243647488990389
ucb,7,1050,8.9,7.442500000000001,0.925,9.243647488990389
ucb,7,1075,9.1,6.9825,0.9,9.243647488990389
ucb,7,1100,9.1,6.4875,0.875,9.243647488990389
ucb,7,1125,8.6,6.0200000000000005,0.85,9.243647488990389
ucb,7,1150,8.8,8.495000000000001,0.975,9.243647488990389
ucb,7,1175,9.1,7.970000000000001,0.95,9.243647488990389
ucb,7,1200,9.1,5.994999999999999,0.85,9.243647488990389
ucb,7,1225,9.0,6.9875,0.9,9.243647488990389
ucb,7,1250,8.9,6.9625,0.9,9.243647488990389
ucb,7,1275,8.9,8.434999999999999,0.975,9.243647488990389
ucb,7,1300,9.0,7.952500000000001,0.95,9.243647488990389
ucb,7,1325,-10.4,6.995,0.9,9.243647488990389
ucb,7,1350,8.9,6.0175,0.85,9.243647488990389
ucb,7,1375,9.1,6.467499999999999,0.875,9.243647488990389
ucb,7,1400,8.9,8.467500000000001,0.975,9.243647488990389
ucb,7,1425,9.0,7.4875,0.925,9.243647488990389
ucb,7,1450,8.5,6.540000000000001,0.875,9.243647488990389
ucb,7,1475,9.1,8.934999999999999,1.0,9.243647488990389
ucb,7,1500,9.1,8.434999999999999,0.975,9.243647488990389
ucb,8,1,-11.2,-13.639999999999997,0.0,9.862146703285404
ucb,8,25,-12.5,-13.552499999999998,0.0,9.862146703285404
ucb,8,50,-12.0,-1.1925000000000003,0.55,9.243647488990389
ucb,8,75,1.7000000000000135,-10.669999999999982,0.0,9.243647488990389
ucb,8,100,0.6000000000000174,-9.034999999999984,0.1,9.391757581958569
ucb,8,125,-11.2,-10.694999999999983,0.0,9.391757581958569
ucb,8,150,7.699999999999999,0.5450000000000029,0.7,9.391757581958569
ucb,8,175,9.1,4.2875000000000005,0.775,9.391757581958569
ucb,8,200,9.1,5.4375,0.825,9.391757581958569
ucb,8,225,8.7,2.54,0.675,9.391757581958569
ucb,8,250,8.7,5.42,0.825,9.391757581958569
ucb,8,275,-10.6,3.0075000000000003,0.7,9.391757581958569
ucb,8,300,8.9,3.2525000000000004,0.725,9.391757581958569
ucb,8,325,8.7,5.467499999999999,0.825,9.391757581958569
ucb,8,350,9.1,6.460000000000001,0.875,9.391757581958569
ucb,8,375,9.1,5.110000000000001,0.825,9.391757581958569
ucb,8,400,8.8,6.035,0.85,9.391757581958569
ucb,8,425,9.1,5.3925,0.825,9.391757581958569
ucb,8,450,7.699999999999999,4.5175,0.775,9.391757581958569
ucb,8,475,8.9,4.967499999999999,0.8,9.391757581958569
ucb,8,500,8.8,5.4799999999999995,0.825,9.391757581958569
ucb,8,525,8.9,5.467499999999999,0.825,9.391757581958569
ucb,8,550,8.5,3.4924999999999997,0.725,9.391757581958569
ucb,8,575,9.1,4.532500000000001,0.775,9.391757581958569
ucb,8,600,9.1,4.5925,0.775,9.391757581958569
ucb,8,625,9.1,5.882499999999999,0.85,9.391757581958569
ucb,8,650,8.9,5.077500000000001,0.8,9.391757581958569
ucb,8,675,9.0,5.044999999999999,0.8,9.391757581958569
ucb,8,700,-10.5,7.5025,0.925,9.391757581958569
ucb,8,725,8.9,5.027500000000001,0.8,9.391757581958569
ucb,8,750,8.9,2.5074999999999994,0.675,9.391757581958569
ucb,8,775,8.9,4.0525,0.75,9.391757581958569
ucb,8,800,8.9,5.545,0.825,9.391757581958569
ucb,8,825,-11.3,4.985,0.8,9.391757581958569
ucb,8,850,9.1,6.534999999999999,0.875,9.391757581958569
ucb,8,875,9.1,4.9875,0.8,9.391757581958569
ucb,8,900,9.1,7.0200000000000005,0.9,9.391757581958569
ucb,8,925,9.1,7.967500000000001,0.95,9.391757581958569
ucb,8,950,8.8,2.6475,0.675,9.391757581958569
ucb,8,975,8.6,5.539999999999999,0.825,9.391757581958569
ucb,8,1000,9.1,5.040000000000001,0.8,9.391757581958569
ucb,8,1025,8.7,3.5774999999999997,0.725,9.391757581958569
ucb,8,1050,8.7,6.015000000000001,0.85,9.391757581958569
ucb,8,1075,8.7,4.995,0.8,9.391757581958569
ucb,8,1100,8.9,3.63,0.725,9.391757581958569
ucb,8,1125,-11.2,3.562500000000001,0.725,9.391757581958569
ucb,8,1150,8.8,6.540000000000001,0.875,9.391757581958569
ucb,8,1175,9.1,5.09,0.8,9.391757581958569
ucb,8,1200,9.1,4.59,0.775,9.391757581958569
ucb,8,1225,8.9,6.970000000000001,0.9,9.391757581958569
ucb,8,1250,9.1,5.555,0.825,9.391757581958569
ucb,8,1275,8.9,8.4625,0.975,9.391757581958569
ucb,8,1300,8.9,4.59,0.775,9.391757581958569
ucb,8,1325,9.1,5.07,0.8,9.391757581958569
ucb,8,1350,8.8,3.6025,0.725,9.391757581958569
ucb,8,1375,9.1,3.56,0.725,9.391757581958569
ucb,8,1400,8.8,7.0,0.9,9.391757581958569
ucb,8,1425,8.9,6.522499999999999,0.875,9.391757581958569
ucb,8,1450,-10.4,4.975,0.8,9.391757581958569
ucb,8,1475,8.9,4.527500000000001,0.775,9.391757581958569
ucb,8,1500,9.1,3.5375,0.725,9.391757581958569
ucb,9,1,-11.8,-10.96,0.0,9.862146703285404
ucb,9,25,-10.9,-12.057499999999997,0.025,9.84206987889427
ucb,9,50,5.4,7.0,0.9,9.243647488990389
ucb,9,75,-9.99999999999998,-9.979999999999999,0.15,9.243647488990389
ucb,9,100,-16.099999999999994,-10.404999999999996,0.175,9.243647488990389
ucb,9,125,-16.599999999999994,-3.502499999999999,0.45,9.243647488990389
ucb,9,150,-9.99999999999998,-8.82249999999998,0.1,9.243647488990389
ucb,9,175,-12.5,-10.959999999999985,0.05,9.243647488990389
ucb,9,200,9.0,5.5175,0.825,9.243647488990389
ucb,9,225,9.1,6.327500000000001,0.875,9.243647488990389
ucb,9,250,9.1,6.8625,0.9,9.243647488990389
ucb,9,275,9.1,5.967499999999999,0.85,9.243647488990389
ucb,9,300,9.1,3.6774999999999998,0.75,9.243647488990389
ucb,9,325,8.7,6.540000000000001,0.875,9.243647488990389
ucb,9,350,8.6,7.3925,0.925,9.243647488990389
ucb,9,375,9.1,6.3575,0.875,9.243647488990389
ucb,9,400,6.699999999999998,5.5075,0.825,9.243647488990389
ucb,9,425,9.1,7.425,0.925,9.243647488990389
ucb,9,450,-10.3,6.7524999999999995,0.9,9.243647488990389
ucb,9,475,8.7,6.324999999999999,0.875,9.243647488990389
ucb,9,500,8.9,6.510000000000001,0.875,9.243647488990389
ucb,9,525,9.1,6.8375,0.9,9.243647488990389
ucb,9,550,9.0,7.540000000000001,0.925,9.243647488990389
ucb,9,575,8.9,7.85,0.95,9.243647488990389
ucb,9,600,9.0,6.904999999999999,0.9,9.243647488990389
ucb,9,625,9.1,7.4475,0.925,9.243647488990389
ucb,9,650,8.9,7.422499999999999,0.925,9.243647488990389
ucb,9,675,9.1,5.445,0.825,9.243647488990389
ucb,9,700,8.6,7.94,0.95,9.243647488990389
ucb,9,725,9.0,7.955,0.95,9.243647488990389
ucb,9,750,8.8,7.4449999999999985,0.925,9.243647488990389
ucb,9,775,9.1,6.460000000000001,0.875,9.243647488990389
ucb,9,800,8.6,7.959999999999999,0.95,9.243647488990389
ucb,9,825,9.1,5.5,0.825,9.243647488990389
ucb,9,850,9.1,7.902500000000001,0.95,9.243647488990389
ucb,9,875,9.1,7.905000000000001,0.95,9.243647488990389
ucb,9,900,9.1,6.4875,0.875,9.243647488990389
ucb,9,925,9.0,6.957500000000001,0.9,9.243647488990389
ucb,9,950,9.1,8.4275,0.975,9.243647488990389
ucb,9,975,8.9,6.005000000000001,0.85,9.243647488990389
ucb,9,1000,8.9,7.4575000000000005,0.925,9.243647488990389
ucb,9,1025,8.8,8.440000000000001,0.975,9.243647488990389
ucb,9,1050,8.7,7.467500000000001,0.925,9.243647488990389
ucb,9,1075,8.8,7.902500000000001,0.95,9.243647488990389
ucb,9,1100,8.7,7.9,0.95,9.243647488990389
ucb,9,1125,-11.0,7.8725000000000005,0.95,9.243647488990389
ucb,9,1150,8.2,8.4525,0.975,9.243647488990389
ucb,9,1175,8.8,7.477500000000001,0.925,9.243647488990389
ucb,9,1200,9.1,7.890000000000001,0.95,9.243647488990389
ucb,9,1225,8.2,8.39,0.975,9.243647488990389
ucb,9,1250,9.0,6.975,0.9,9.243647488990389
ucb,9,1275,9.0,8.4575,0.975,9.243647488990389
ucb,9,1300,9.0,7.425,0.925,9.243647488990389
ucb,9,1325,9.1,7.9825,0.95,9.243647488990389
ucb,9,1350,8.7,7.8950000000000005,0.95,9.243647488990389
ucb,9,1375,8.9,7.43,0.925,9.243647488990389
ucb,9,1400,8.9,6.8775,0.9,9.243647488990389
ucb,9,1425,9.0,8.357499999999998,0.975,9.243647488990389
ucb,9,1450,9.0,6.967500000000001,0.9,9.243647488990389
ucb,9,1475,8.7,7.44,0.925,9.243647488990389
ucb,9,1500,9.1,7.459999999999999,0.925,9.243647488990389
